name,from_lat,from_lon,to_lat,to_lon,free_from,distance,reverse_distance
Altlindenau,51.3389037,12.323057552348168,51.3400124,12.3347023,2023-06-06 00:00:36,818.2317834873066,0.0012221475872496623
Karl-Heine-Straße,51.3389037,12.323057552348168,51.3321577,12.3487401,2023-06-06 00:00:36,1935.4405957706526,0.0005166782189984087
Innenstadt,51.3381631,12.3880931,51.3428087,12.3571118,2023-07-01 00:00:36,2213.166967468699,0.0004518411916945182
Augustusplatz,51.3381631,12.3880931,51.33881875,12.380698004770004,2023-07-01 00:00:36,518.8515199002043,0.0019273336622244832
Johannisplatz,51.3381631,12.3880931,51.337709450000006,12.386501176268977,2023-07-01 00:00:36,121.54678765735146,0.008227284482573633
Johannisplatz,51.3381631,12.3880931,51.337709450000006,12.386501176268977,2023-07-01 00:00:36,121.54678765735146,0.008227284482573633
Johannisplatz,51.3381631,12.3880931,51.337709450000006,12.386501176268977,2023-07-01 00:00:36,121.54678765735146,0.008227284482573633
Johannisplatz,51.3381631,12.3880931,51.337709450000006,12.386501176268977,2023-07-01 00:00:36,121.54678765735146,0.008227284482573633
Hauptbahnhof,51.3381631,12.3880931,51.3439179,12.3801743,2023-07-01 00:00:36,843.822206196147,0.0011850837684254417
Augustusplatz,51.3381631,12.3880931,51.33881875,12.380698004770004,2023-07-01 00:00:36,518.8515199002043,0.0019273336622244832
Johannisplatz,51.3381631,12.3880931,51.337709450000006,12.386501176268977,2023-07-01 00:00:36,121.54678765735146,0.008227284482573633
Johannisplatz,51.3381631,12.3880931,51.337709450000006,12.386501176268977,2023-07-01 00:00:36,121.54678765735146,0.008227284482573633
Weißen Elster,51.3322073,12.3487861,51.322310599999994,12.336304745475049,2023-06-15 00:00:36,1401.1126247923578,0.0007137184993591776
Clara-Zetkin Park,51.3322073,12.3487861,51.33050505,12.358850998005359,2023-06-15 00:00:36,724.436877021696,0.0013803825173991677
Konsum,51.3322073,12.3487861,51.3114797,12.3795616,2023-06-15 00:00:36,3144.16619215658,0.00031804934564037823
Eutritzsch,51.374584850000005,12.383245036479067,51.3707642,12.3873287,2023-06-15 00:00:36,510.722199099491,0.001958011619160489
Völkerschlachtdenkmal,51.3199913,12.4168138,51.3124744,12.413515851638085,2023-07-01 00:00:36,866.6979170066228,0.0011538045498641237
Stötteritzer Wäldchen,51.3199913,12.4168138,51.3244519,12.421237253785176,2023-07-01 00:00:36,583.5225438284683,0.0017137298474177872
Eutritzscher Zentrum,51.36371055,12.38623236047584,51.3637096,12.3827593,2023-07-01 00:00:36,241.1251422501538,0.004147224095621502
Innenstadt,51.36371055,12.38623236047584,51.3428087,12.3571118,2023-07-01 00:00:36,3080.7782070535477,0.0003245933114271146
Stannebeinplatz,51.36371055,12.38623236047584,51.351186350000006,12.406471713413627,2023-07-01 00:00:36,1978.4929949828188,0.000505435198676902
Linh,51.36371055,12.38623236047584,51.3728025,12.3966538,2023-07-01 00:00:36,1243.1704471798369,0.0008043949261089057
Innenstadt,51.3698368,12.338022000223898,51.3428087,12.3571118,2023-07-01 00:00:36,3284.734541532627,0.0003044386045069594
Möckernscher,51.3698368,12.338022000223898,51.3690911,12.338993980603455,2023-07-01 00:00:36,106.90216634051592,0.009354347383519767
Slevogtstraße,51.3698368,12.338022000223898,51.3752334,12.3450055,2023-07-01 00:00:36,771.4103144789244,0.0012963269757100466
Innenstadt,51.3698368,12.338022000223898,51.3428087,12.3571118,2023-07-01 00:00:36,3284.734541532627,0.0003044386045069594
Uni,51.3698368,12.338022000223898,51.33845385,12.37863856850984,2023-07-01 00:00:36,4486.939272031863,0.00022286907385469484
Rosenthal,51.3698368,12.338022000223898,51.3529361,12.3617394,2023-07-01 00:00:36,2498.668336380176,0.0004002131797326497
Auensee,51.3698368,12.338022000223898,51.36896685,12.319179543737192,2023-07-01 00:00:36,1311.5898769569258,0.0007624334539087337
Konradstraße,51.3446913,12.4067618,51.3443548,12.4120384,2023-07-01 00:00:36,368.3985025396604,0.002714451858805652
Konradstraße,51.3446913,12.4067618,51.3443548,12.4120384,2023-07-01 00:00:36,368.3985025396604,0.002714451858805652
Konradstraße,51.3446913,12.4067618,51.3443548,12.4120384,2023-07-01 00:00:36,368.3985025396604,0.002714451858805652
Rabet,51.3446913,12.4067618,51.344070450000004,12.403435321472916,2023-07-01 00:00:36,241.13904899044718,0.0041469849208852745
Konradstraße,51.3446913,12.4067618,51.3443548,12.4120384,2023-07-01 00:00:36,368.3985025396604,0.002714451858805652
Konradstraße,51.3446913,12.4067618,51.3443548,12.4120384,2023-07-01 00:00:36,368.3985025396604,0.002714451858805652
Wilhelm-Leuschner Platz,51.3348188,12.3786759,51.3343111,12.3741402,2023-07-15 00:00:36,320.1188222676722,0.003123840057001818
Innenstadt,51.3348188,12.3786759,51.3428087,12.3571118,2023-07-15 00:00:36,1741.6011182529153,0.0005741842891115897
Wilhelm-Leuschner Platz,51.3348188,12.3786759,51.3343111,12.3741402,2023-07-15 00:00:36,320.1188222676722,0.003123840057001818
Augustusplatz,51.3348188,12.3786759,51.33881875,12.380698004770004,2023-07-15 00:00:36,466.42933295646753,0.0021439474950288584
Gewandhaus,51.3348188,12.3786759,51.337807549999994,12.380613397308753,2023-07-15 00:00:36,358.5550961720249,0.002788971655056961
Karli,51.31628225,12.3764153,51.3206349,12.3736195,2023-07-08 00:00:36,521.5361575883828,0.001917412600161924
Connewitz,51.31628225,12.3764153,51.3032502,12.3720368,2023-07-08 00:00:36,1480.7128627549234,0.0006753503836925286
Conne Island,51.31628225,12.3764153,51.3026908,12.3742425,2023-07-08 00:00:36,1518.8280511510147,0.0006584023775714237
Zoro,51.31628225,12.3764153,51.30655685,12.379020399634502,2023-07-08 00:00:36,1096.4695861821176,0.0009120180008658311
Fockeberg,51.31628225,12.3764153,51.3171414,12.3622021,2023-07-08 00:00:36,992.4049463622993,0.0010076531799499194
Cospudener See,51.31628225,12.3764153,51.26693425,12.33385365488608,2023-07-08 00:00:36,6234.504336267672,0.00016039767494951439
Plagwitz,51.32674405,12.325947705432256,51.3281994,12.3382998,2023-06-06 00:00:36,873.3740961536046,0.00114498472579398
Comeniusstraße,51.3424364,12.4030516,51.3420206,12.4023479,2023-06-15 00:00:36,67.28154853392869,0.014862915937431505
Rabet,51.3424364,12.4030516,51.344070450000004,12.403435321472916,2023-06-15 00:00:36,183.64245553194274,0.005445363911647653
Reudnitz,51.3424364,12.4030516,51.335919,12.3995116,2023-06-15 00:00:36,765.2852960166168,0.0013067022262221626
Koehlerstraße,51.3424364,12.4030516,51.3386604,12.4040177,2023-06-15 00:00:36,425.2010855085866,0.0023518284267875084
Augustusplatz,51.3424364,12.4030516,51.33881875,12.380698004770004,2023-06-15 00:00:36,1603.99215913785,0.0006234444441034566
Lindenauer Markt,51.3383513,12.3333535,51.3373008,12.3344479,2023-06-12 00:00:36,139.3711218697633,0.007175087540261459
Eisenbahnstraße,51.3465055,12.4017872,51.345619400000004,12.404487316089803,2023-08-01 00:00:36,211.84215638836818,0.004720495755182503
Leipzig Ost,51.3323514,12.4022873,51.3551619,12.4946637,2023-07-01 00:00:36,6899.3806639605,0.00014494054592806928
Süd,51.3323514,12.4022873,51.3033068,12.374075563426263,2023-07-01 00:00:36,3778.1538741344716,0.00026467953220383003
Karl-Liebknecht-Straße,51.3323514,12.4022873,51.3206349,12.3736195,2023-07-01 00:00:36,2380.161612544602,0.0004201395378908376
Linie 15,51.3323514,12.4022873,51.3000088,12.3660866,2023-07-01 00:00:36,4389.018195297529,0.00022784138855277874
Lene-Voigt-Park,51.3323514,12.4022873,51.3342895,12.399465057699512,2023-07-01 00:00:36,291.35354809436757,0.003432256125043332
Friedenspark,51.3323514,12.4022873,51.32741475,12.3946794131321,2023-07-01 00:00:36,762.054195324541,0.0013122426280641674
Markkleeberg,51.3351781,12.357336202097295,51.2785751,12.3718819,2023-07-19 00:00:36,6374.666921454948,0.0001568709412305672
Clara-Park,51.3351781,12.357336202097295,51.33050505,12.358850998005359,2023-07-19 00:00:36,530.1694313648318,0.0018861894723459793
Innenstadt,51.3351781,12.357336202097295,51.3428087,12.3571118,2023-07-19 00:00:36,848.6271839382235,0.0011783737534299817
Südvorstadt,51.3351781,12.357336202097295,51.3225214,12.3746133,2023-07-19 00:00:36,1849.772875394085,0.00054060691088194
Plagwitz,51.3351781,12.357336202097295,51.3281994,12.3382998,2023-07-19 00:00:36,1533.414340050982,0.0006521394602105734
Schleußig,51.3351781,12.357336202097295,51.3237026,12.3416294,2023-07-19 00:00:36,1679.0318024680976,0.0005955813335578559
Lindenau,51.3351781,12.357336202097295,51.3329859,12.3328978,2023-07-19 00:00:36,1715.1988968250894,0.0005830227630457582
Karl-Heine,51.3319631,12.330096,51.3301795,12.32212,2023-07-07 00:00:36,588.5677795566925,0.0016990396598896343
Lindenauer,51.3319631,12.330096,51.334225599999996,12.298047180832125,2023-07-07 00:00:36,2240.717127217472,0.0004462856948131612
Palmengarten,51.3319631,12.330096,51.335992250000004,12.344426023058885,2023-07-07 00:00:36,1091.7065120116984,0.0009159971008666881
Gohlis,51.36425615,12.35690931179079,51.36706,12.3766732,2023-06-06 00:00:36,1407.070104551274,0.000710696643163283
Leipzigs,51.36425615,12.35690931179079,51.341174949999996,12.377320051717579,2023-06-06 00:00:36,2931.8960374075996,0.0003410762139042986
Rosental,51.36425615,12.35690931179079,51.34999295,12.363226166008772,2023-06-06 00:00:36,1645.5313919547725,0.0006077064253463267
Auwald,51.36425615,12.35690931179079,51.3698502,12.383318635685393,2023-06-06 00:00:36,1936.0405445877748,0.0005165181084639536
Zoo,51.36425615,12.35690931179079,51.3484977,12.371569,2023-06-06 00:00:36,2026.4812590157442,0.0004934661969120291
Hauptbahnhof/,51.36425615,12.35690931179079,51.3439179,12.3801743,2023-06-06 00:00:36,2779.294069760542,0.00035980359576925154
Innenstadt,51.36425615,12.35690931179079,51.3428087,12.3571118,2023-06-06 00:00:36,2384.8890826815946,0.00041930671210737793
adler,51.3192684,12.3285769,51.3202047,12.3307304,2023-06-06 00:00:36,182.3072439566774,0.005485245557426314
Bayerischen Bahnhof,51.330141,12.3844705,51.32720155,12.3871659713826,2023-07-01 00:00:36,376.705279712485,0.0026545951274249088
Clara-Zetkin-Park,51.330141,12.3844705,51.33050505,12.358850998005359,2023-07-01 00:00:36,1780.4487790673031,0.0005616561463362372
Sachsenbrücke,51.330141,12.3844705,51.330309,12.354251167391846,2023-07-01 00:00:36,2099.6625743421505,0.00047626700224121107
Connewitz,51.306476200000006,12.3810370300906,51.3032502,12.3720368,2023-06-06 00:00:36,721.2016186291899,0.0013865748137126077
Karl-Liebknecht-Straße,51.32371645,12.3725912502507,51.3206349,12.3736195,2023-08-01 00:00:36,350.02352046027715,0.0028569508662875305
Südplatz,51.32371645,12.3725912502507,51.2777287,12.373672483961474,2023-08-01 00:00:36,5114.156961874806,0.00019553564887719218
Südplatz,51.32371645,12.3725912502507,51.2777287,12.373672483961474,2023-08-01 00:00:36,5114.156961874806,0.00019553564887719218
Kurt-Eisner-Straße,51.32371645,12.3725912502507,51.3207111,12.3741034,2023-08-01 00:00:36,350.3109494236822,0.0028546067476485125
Clara-Zetkin-Park,51.32371645,12.3725912502507,51.33050505,12.358850998005359,2023-08-01 00:00:36,1217.0794356425058,0.0008216390571681068
Hinterhaus,51.32371645,12.3725912502507,51.321254249999996,12.379100262363536,2023-08-01 00:00:36,528.7170836414004,0.001891370698886372
Stadtteilzentrum,51.3364247,12.3290193,51.3266001,12.385042815042084,2023-07-05 00:00:36,4042.695570725863,0.00024735970901228427
Georg Schwarz Straße,51.3364247,12.3290193,51.3536062,12.3025114,2023-07-05 00:00:36,2653.24799221232,0.0003768965445126689
Lindenauer,51.3364247,12.3290193,51.334225599999996,12.298047180832125,2023-07-05 00:00:36,2165.492695087685,0.0004617886738978392
Innenstadt,51.3364247,12.3290193,51.3428087,12.3571118,2023-07-05 00:00:36,2076.5163551058267,0.0004815757879976035
Lindenau,51.3364247,12.3290193,51.3329859,12.3328978,2023-07-05 00:00:36,467.77390249729154,0.0021377849312698457
Plagwitz,51.3364247,12.3290193,51.3281994,12.3382998,2023-07-05 00:00:36,1119.0316119600916,0.0008936298039412878
Karl-Heine-Straße,51.3364247,12.3290193,51.3321577,12.3487401,2023-07-05 00:00:36,1449.8731208627153,0.0006897155244901512
Innenstadt,51.3364247,12.3290193,51.3428087,12.3571118,2023-07-05 00:00:36,2076.5163551058267,0.0004815757879976035
Hauptbahnhof,51.3364247,12.3290193,51.3439179,12.3801743,2023-07-05 00:00:36,3649.756329200402,0.0002739908941315769
Sellerhausen,51.3414713,12.4278391,51.3432833,12.4276634,2023-07-01 00:00:36,201.85447130076827,0.0049540641510485775
Emmauskirche,51.3414713,12.4278391,51.12528675,12.497115598663754,2023-07-01 00:00:36,24517.75028651797,4.078677645028013e-05
Hauptbahnhof,51.3414713,12.4278391,51.3439179,12.3801743,2023-07-01 00:00:36,3321.9138806127917,0.00030103128375366867
Bahnhof Sellerhausen,51.3414713,12.4278391,51.3445309,12.4450686,2023-07-01 00:00:36,1244.1567810168613,0.0008037572235732946
Stünzer Park,51.3414713,12.4278391,51.3352547,12.433004854221693,2023-07-01 00:00:36,778.8457442374449,0.0012839512925362179
Innenstadt,51.3399168,12.4053717,51.3428087,12.3571118,2023-08-01 00:00:36,3367.5758783265896,0.00029694950793415184
Lene-Voigt-Park,51.3399168,12.4053717,51.3342895,12.399465057699512,2023-08-01 00:00:36,748.262830375007,0.0013364288047006557
Connewitz,51.3052032,12.3831559,51.3032502,12.3720368,2023-07-15 00:00:36,802.8974252860223,0.0012454891104474054
Leipziger Zentrum-Süd,51.339972,12.368894,51.3321993,12.3750343,2023-07-10 00:00:36,963.8168038284701,0.0010375415701695623
Karl-Liebknechtstraße,51.339972,12.368894,51.3206349,12.3736195,2023-07-10 00:00:36,2175.108852348951,0.00045974710595291657
Südvorstadt,51.339972,12.368894,51.3225214,12.3746133,2023-07-10 00:00:36,1980.6855282297747,0.0005048757037639103
Clara-Zetkin-Park,51.339972,12.368894,51.33050505,12.358850998005359,2023-07-10 00:00:36,1262.8943218234801,0.0007918318918055711
Innenstadt,51.339972,12.368894,51.3428087,12.3571118,2023-07-10 00:00:36,877.0861308870228,0.0011401388812164557
A 10,51.3293096,12.3833921,51.3406321,12.3747329,2023-08-01 00:00:36,1395.3383451440939,0.0007166720555484569
Zentrum Nord,51.3605894,12.3757653,51.3530028,12.3762329,2023-06-01 00:00:36,844.2160526939351,0.0011845308991803112
Zentrum West,51.33761695,12.355122391293555,51.3374495,12.3605422,2023-08-01 00:00:36,376.95770595158234,0.0026528175023657515
Jahnallee,51.33761695,12.355122391293555,51.3430902,12.3645628,2023-08-01 00:00:36,894.6547148408366,0.001117749656277064
Marschner Straße,51.33761695,12.355122391293555,51.3355899,12.3576988,2023-08-01 00:00:36,287.8151359134411,0.003474452435679911
Einertstraße,51.34609945,12.398499516274512,51.3466625,12.3988397,2023-07-15 00:00:36,66.91810734044213,0.014943638422296611
Eisenbahnstraße,51.34609945,12.398499516274512,51.345619400000004,12.404487316089803,2023-07-15 00:00:36,419.2903098664801,0.002384982377289956
Breslauer Str.,51.324045,12.4156933,51.3207565,12.415244,2023-07-01 00:00:36,366.99501275516593,0.0027248326686856966
Reudnitz,51.3278958,12.4089156,51.335919,12.3995116,2023-06-15 00:00:36,1105.7915711396615,0.000904329555496042
Lene-Voigt-Park,51.3278958,12.4089156,51.3342895,12.399465057699512,2023-06-15 00:00:36,967.7600121289966,0.0010333140318539076
Friedenspark,51.3278958,12.4089156,51.32741475,12.3946794131321,2023-06-15 00:00:36,990.6027807082451,0.0010094863647415126
Südvorstadt,51.3278958,12.4089156,51.3225214,12.3746133,2023-06-15 00:00:36,2457.2921552547787,0.0004069520174316909
Barcelona,51.3278958,12.4089156,51.3409053,12.3681369,2023-06-15 00:00:36,3180.930145120313,0.0003143734550518326
Innenstadt,51.3361134,12.3266607,51.3428087,12.3571118,2023-09-01 00:00:36,2242.445886068857,0.00044594164176378875
Karl-Heine Kanal,51.3361134,12.3266607,51.3301795,12.32212,2023-09-01 00:00:36,731.3522404052995,0.001367330192966691
Auwald,51.3361134,12.3266607,51.3698502,12.383318635685393,2023-09-01 00:00:36,5436.286573738919,0.00018394909584617964
Karl Heine Straße,51.3361134,12.3266607,51.3321577,12.3487401,2023-09-01 00:00:36,1595.721580539134,0.0006266757385471579
Kreuzberg,51.3361134,12.3266607,52.497893,13.3799669,2023-09-01 00:00:36,148007.32579056514,6.756422323412763e-06
Friedrichshain,51.3361134,12.3266607,52.497893,13.3799669,2023-09-01 00:00:36,148007.32579056514,6.756422323412763e-06
Riebeckstraße,51.3288673,12.40398,51.335323,12.4077572,2023-09-01 00:00:36,764.3042377032185,0.0013083795047441602
Reudnitz,51.3288673,12.40398,51.335919,12.3995116,2023-09-01 00:00:36,843.3309990255485,0.001185774033155996
Lene-Voigt-Park,51.3288673,12.40398,51.3342895,12.399465057699512,2023-09-01 00:00:36,679.6389013638684,0.0014713695728617734
Friedenspark,51.3288673,12.40398,51.32741475,12.3946794131321,2023-09-01 00:00:36,666.094800371632,0.001501287803841245
Innenstadt,51.3288673,12.40398,51.3428087,12.3571118,2023-09-01 00:00:36,3606.1222363898974,0.00027730618499529947
Karli,51.3288673,12.40398,51.3206349,12.3736195,2023-09-01 00:00:36,2299.681972508918,0.00043484273562792474
Leipzigs,51.3317787,12.3738542,51.341174949999996,12.377320051717579,2023-07-01 00:00:36,1072.197814522392,0.0009326637178844163
Wilhelm-Leuschner Platz,51.3317787,12.3738542,51.3343111,12.3741402,2023-07-01 00:00:36,282.2901751516938,0.0035424541412489175
Clara-Zetkin-Park,51.3317787,12.3738542,51.33050505,12.358850998005359,2023-07-01 00:00:36,1051.9489109789931,0.0009506165076679941
Thomaskirche,51.3380693,12.3707378,51.33933145,12.372596539065963,2023-06-06 00:00:36,190.70394392417484,0.0052437300426131025
Leipzigs,51.3380693,12.3707378,51.341174949999996,12.377320051717579,2023-06-06 00:00:36,572.9852466777882,0.001745245633806587
Martin-Luther-Ring,51.3380693,12.3707378,51.3352801,12.3709433,2023-06-06 00:00:36,310.47326576176613,0.003220889236779971
Arena,51.3380693,12.3707378,51.34570785,12.348262114064246,2023-06-06 00:00:36,1777.2660322573483,0.0005626619661041268
Innenstadt,51.3380693,12.3707378,51.3428087,12.3571118,2023-06-06 00:00:36,1083.3198853756014,0.0009230883818340385
Stötteritzer Wäldchen,51.320486,12.416500928457722,51.3244519,12.421237253785176,2023-06-15 00:00:36,550.2675914556996,0.001817297648503268
Innenstadt,51.320486,12.416500928457722,51.3428087,12.3571118,2023-06-15 00:00:36,4815.180640626897,0.00020767652859432668
August-Bebel-Straße,51.31995985,12.3684893,51.3233559,12.3691257,2023-07-01 00:00:36,380.2042867410835,0.0026301649793890754
Karl-Liebknecht-Straße,51.31995985,12.3684893,51.3206349,12.3736195,2023-07-01 00:00:36,364.3296194140272,0.002744767229215014
Clara-Zetkin-Park,51.31995985,12.3684893,51.33050505,12.358850998005359,2023-07-01 00:00:36,1350.3539627549653,0.00074054657340348
Altlindenau,51.337288400000006,12.32733446983312,51.3400124,12.3347023,2023-08-01 00:00:36,594.7209508891281,0.0016814608574071016
Lindenauer,51.337288400000006,12.32733446983312,51.334225599999996,12.298047180832125,2023-08-01 00:00:36,2062.884320511099,0.00048475815636246666
Palmengarten,51.3313113,12.3453354,51.335992250000004,12.344426023058885,2023-08-03 00:00:36,524.3180213507667,0.0019072394220281891
Clara-Zetkin Park,51.3313113,12.3453354,51.33050505,12.358850998005359,2023-08-03 00:00:36,943.292928541152,0.001060116078201231
Karl-Heine Straße,51.3313113,12.3453354,51.3321577,12.3487401,2023-08-03 00:00:36,254.57962899016283,0.003928044062153303
Nonnenstraße,51.3313113,12.3453354,51.3261773,12.3384792,2023-08-03 00:00:36,743.523325232994,0.0013449477186026884
Torgauer Platz,51.3454611,12.4071941,51.3453479,12.4147463,2023-07-01 00:00:36,524.6892078617191,0.001905890163198379
with,51.3454611,12.4071941,51.3670152,12.3684112,2023-07-01 00:00:36,3605.081658951506,0.0002773862271654722
Leipzigs,51.3454611,12.4071941,51.341174949999996,12.377320051717579,2023-06-06 00:00:36,2129.0276246252065,0.00046969799190653514
Coppiplatz,51.36730525,12.36935639786729,51.36743665,12.367130431077214,2023-07-01 00:00:36,155.21965740656026,0.006442482973536931
Merseburg,51.36730525,12.36935639786729,51.354871,12.305266,2023-07-01 00:00:36,4659.726472878233,0.0002146048712988763
Lausen,51.33761695,12.355122391293555,51.3044972,12.2588088,2023-06-01 00:00:36,7639.311533068882,0.00013090184837615565
Plagwitz,51.33761695,12.355122391293555,51.3281994,12.3382998,2023-06-01 00:00:36,1569.2445031164275,0.0006372493247636418
Marschnerstraße,51.33761695,12.355122391293555,51.3355899,12.3576988,2023-06-01 00:00:36,287.8151359134411,0.003474452435679911
Leipzigs,51.33761695,12.355122391293555,51.341174949999996,12.377320051717579,2023-06-01 00:00:36,1591.8877453711852,0.0006281849979106579
Clara-Park,51.33761695,12.355122391293555,51.33050505,12.358850998005359,2023-06-01 00:00:36,832.1507815692349,0.0012017052944590667
Sachsenbrücke,51.33761695,12.355122391293555,51.330309,12.354251167391846,2023-06-01 00:00:36,814.8579461484354,0.001227207766367954
Palmengarten,51.33761695,12.355122391293555,51.335992250000004,12.344426023058885,2023-06-01 00:00:36,764.7022216554932,0.0013076985677315204
Johannapark,51.33761695,12.355122391293555,51.3346363,12.363066859285988,2023-06-01 00:00:36,643.7669620646171,0.0015533571290967034
Jahnallee,51.33761695,12.355122391293555,51.3430902,12.3645628,2023-06-01 00:00:36,894.6547148408366,0.001117749656277064
Zentrum von Leipzig,51.33761695,12.355122391293555,51.3416591,12.3806052,2023-06-01 00:00:36,1826.3040123934845,0.0005475539632032227
Eck,51.3468658,12.406077,51.3221229,12.357197604591835,2023-07-01 00:00:36,4370.415654412998,0.0002288111884713429
Hauptbahnhof,51.3468658,12.406077,51.3439179,12.3801743,2023-07-01 00:00:36,1828.6910798010929,0.0005468392179770299
Hauptbahnhof,51.342734750000005,12.38773225,51.3439179,12.3801743,2023-06-15 00:00:36,541.1954816578101,0.0018477611766764255
Innenstadt,51.342734750000005,12.38773225,51.3428087,12.3571118,2023-06-15 00:00:36,2126.882025864711,0.0004701718232789321
Hbf.,51.342734750000005,12.38773225,51.3439179,12.3801743,2023-06-15 00:00:36,541.1954816578101,0.0018477611766764255
Innenstadt,51.342734750000005,12.38773225,51.3428087,12.3571118,2023-06-15 00:00:36,2126.882025864711,0.0004701718232789321
Hbf,51.342734750000005,12.38773225,51.3439179,12.3801743,2023-06-15 00:00:36,541.1954816578101,0.0018477611766764255
Lift,51.3024423,12.2223049,51.31741955,12.25323764630097,2023-06-06 00:00:36,2719.6424908573695,0.0003676953876701453
Paulinenstraße,51.3438918,12.4202738,51.3448255,12.4202853,2023-09-01 00:00:36,103.825775522864,0.009631519677691065
Hauptbahnhof,51.3438918,12.4202738,51.3439179,12.3801743,2023-09-01 00:00:36,2785.2041913783205,0.0003590401030902972
Lift,51.3024423,12.2223049,51.31741955,12.25323764630097,2023-06-06 00:00:36,2719.6424908573695,0.0003676953876701453
Paulinenstraße,51.3438918,12.4202738,51.3448255,12.4202853,2023-09-01 00:00:36,103.825775522864,0.009631519677691065
Hauptbahnhof,51.3438918,12.4202738,51.3439179,12.3801743,2023-09-01 00:00:36,2785.2041913783205,0.0003590401030902972
Paulinenstraße,51.3444911,12.420064,51.3448255,12.4202853,2023-06-06 00:00:36,40.23525375193432,0.024853826103977898
Hauptbahnhof,51.3444911,12.420064,51.3439179,12.3801743,2023-06-06 00:00:36,2771.345450261082,0.0003608355645110184
Paulinenstraße,51.3444911,12.420064,51.3448255,12.4202853,2023-06-06 00:00:36,40.23525375193432,0.024853826103977898
Hauptbahnhof,51.3444911,12.420064,51.3439179,12.3801743,2023-06-06 00:00:36,2771.345450261082,0.0003608355645110184
Leipzig-Sellerhausen,51.3444911,12.420064,51.3451168,12.4248812,2023-06-06 00:00:36,341.74038328270217,0.002926197923681608
Hbf Leipzig,51.3444911,12.420064,51.3439179,12.3801743,2023-06-06 00:00:36,2771.345450261082,0.0003608355645110184
Jahnallee,51.337195,12.354871115861036,51.3430902,12.3645628,2023-08-01 00:00:36,939.6371332834351,0.0010642406143589016
Clara-Park,51.337195,12.354871115861036,51.33050505,12.358850998005359,2023-08-01 00:00:36,793.6108566655682,0.0012600634071484296
Altlindenau,51.3395911,12.326223,51.3400124,12.3347023,2023-06-12 00:00:36,590.8619827610926,0.0016924426163399601
Innenstadt,51.3395911,12.326223,51.3428087,12.3571118,2023-06-12 00:00:36,2175.2049295299857,0.00045972679926579524
Altlindenau,51.3395911,12.326223,51.3400124,12.3347023,2023-06-12 00:00:36,590.8619827610926,0.0016924426163399601
KarLi,51.3176367,12.3739517,51.3206349,12.3736195,2023-08-01 00:00:36,334.1830076992115,0.0029923723737027086
Seeburgstraße,51.3340641,12.3874883,51.3346189,12.3847833,2023-06-07 00:00:36,197.78812499750998,0.005055915262923845
Seeburgstraße,51.3340641,12.3874883,51.3346189,12.3847833,2023-06-07 00:00:36,197.78812499750998,0.005055915262923845
Roßplatz,51.3340641,12.3874883,51.3358812,12.3770645,2023-06-07 00:00:36,751.8100775618994,0.0013301231652054653
Wilhelm-Leuschner-Platz,51.3340641,12.3874883,51.3343111,12.3741402,2023-06-07 00:00:36,927.7260889499925,0.001077904364133823
Augustusplatz,51.3340641,12.3874883,51.33881875,12.380698004770004,2023-06-07 00:00:36,708.5398794214516,0.0014113531630944134
Innenstadt,51.3340641,12.3874883,51.3428087,12.3571118,2023-06-07 00:00:36,2323.37811969422,0.0004304077719952059
Innenstadt,51.3340641,12.3874883,51.3428087,12.3571118,2023-06-07 00:00:36,2323.37811969422,0.0004304077719952059
Hauptbahnhof,51.341127,12.3896871,51.3439179,12.3801743,2023-07-01 00:00:36,730.0013825018555,0.0013698604194046966
Gewandhaus,51.341127,12.3896871,51.337807549999994,12.380613397308753,2023-07-01 00:00:36,730.4191200915493,0.001369076975798035
Oper,51.341127,12.3896871,51.34051735,12.381463368634886,2023-07-01 00:00:36,575.244872353976,0.0017383901153397011
Schumann-Haus,51.341127,12.3896871,51.3404389,12.391159296182083,2023-07-01 00:00:36,127.71740265957767,0.007829786537903798
Schumann-Haus,51.341127,12.3896871,51.3404389,12.391159296182083,2023-07-01 00:00:36,127.71740265957767,0.007829786537903798
Hauptbahnhof,51.3374119,12.3662723,51.3439179,12.3801743,2023-07-15 00:00:36,1206.5915239165824,0.000828780892438239
Innenstadt,51.3374119,12.3662723,51.3428087,12.3571118,2023-07-15 00:00:36,874.6510512022217,0.0011433130945483737
Karl-Heine,51.3271925,12.3378669,51.3301795,12.32212,2023-09-01 00:00:36,1143.4035692522746,0.0008745818422221186
Abtnaundorfer Parks,51.3792481,12.4214063,51.36879815,12.415390259374313,2023-06-22 00:00:36,1234.737455839372,0.0008098887704999619
Hauptbahnhof,51.3792481,12.4214063,51.3439179,12.3801743,2023-06-22 00:00:36,4860.946612892296,0.00020572124724591313
Abtnaundorfer Park,51.3792481,12.4214063,51.36879815,12.415390259374313,2023-06-22 00:00:36,1234.737455839372,0.0008098887704999619
Gohlis-Süd,51.3588304,12.361643485216891,51.3606724,12.359288228937256,2023-06-05 00:00:36,262.09684741870086,0.00381538354943467
Rosental,51.3588304,12.361643485216891,51.34999295,12.363226166008772,2023-06-05 00:00:36,988.8063453362744,0.0010113203709872219
Auwald,51.3588304,12.361643485216891,51.3698502,12.383318635685393,2023-06-05 00:00:36,1940.611593937064,0.000515301466364645
Wackelturm,51.3588304,12.361643485216891,51.35701215,12.34726426542553,2023-06-05 00:00:36,1018.7009725073449,0.0009816423337053307
Innenstadt,51.3588304,12.361643485216891,51.3428087,12.3571118,2023-06-05 00:00:36,1809.1153828226668,0.0005527563413007705
Gohliser Schlösschen,51.3588304,12.361643485216891,51.3567302,12.364272543167537,2023-06-05 00:00:36,296.4156173866916,0.003373641405322585
universität leipzig,51.3588304,12.361643485216891,51.33845385,12.37863856850984,2023-06-05 00:00:36,2554.7684373588017,0.0003914249077829656
Innenstadt,51.3588304,12.361643485216891,51.3428087,12.3571118,2023-06-05 00:00:36,1809.1153828226668,0.0005527563413007705
Hauptbahnhof,51.3588304,12.361643485216891,51.3439179,12.3801743,2023-06-05 00:00:36,2098.9748572822746,0.0004764230483898159
Augustusplatz,51.3588304,12.361643485216891,51.33881875,12.380698004770004,2023-06-05 00:00:36,2588.957118921258,0.00038625591466600673
Plagwitz,51.3588304,12.361643485216891,51.3281994,12.3382998,2023-06-05 00:00:36,3772.2491432974934,0.0002650938371281211
Südvorstadt,51.3588304,12.361643485216891,51.3225214,12.3746133,2023-06-05 00:00:36,4136.671543554096,0.00024174024683159444
Reudnitz,51.3326986,12.402309397877127,51.335919,12.3995116,2023-07-01 00:00:36,407.4419719817993,0.0024543372277922083
Hauptbahnhof,51.3326986,12.402309397877127,51.3439179,12.3801743,2023-07-01 00:00:36,1980.0607136314104,0.000505035018934349
Innenstadt,51.3326986,12.402309397877127,51.3428087,12.3571118,2023-07-01 00:00:36,3334.917442451063,0.0002998574979010666
Ostplatz,51.3326986,12.402309397877127,51.3320809,12.3950017,2023-07-01 00:00:36,512.325454208772,0.0019518842793871825
Lene-Voigt-Park,51.3326986,12.402309397877127,51.3342895,12.399465057699512,2023-07-01 00:00:36,265.2194677238556,0.0037704622838667036
Lene-Park,51.3326986,12.402309397877127,51.3342895,12.399465057699512,2023-07-01 00:00:36,265.2194677238556,0.0037704622838667036
Plagwitz,51.3264943,12.336609477719364,51.3281994,12.3382998,2023-06-06 00:00:36,223.02807773615342,0.004483740388880631
Clara-Zetkin-Park,51.3264943,12.336609477719364,51.33050505,12.358850998005359,2023-06-06 00:00:36,1608.4202832508267,0.0006217280460918274
Südvorstadt,51.3264943,12.336609477719364,51.3225214,12.3746133,2023-06-06 00:00:36,2677.4556617261865,0.0003734889112431795
Anger-Crottendorf,51.3329514,12.4154667,51.3343406,12.4206407,2023-07-01 00:00:36,391.23864158851717,0.002555984746137995
Zweinaundorfer Straße,51.3329514,12.4154667,51.3245506,12.4598804,2023-07-01 00:00:36,3224.161562826774,0.00031015815445776016
Hauptbahnhof,51.3488712,12.3779867,51.3439179,12.3801743,2023-07-01 00:00:36,571.3539448243523,0.001750228573826376
Bayrischer Bahnhof,51.3286433,12.3863155,51.329196,12.3811613,2023-09-01 00:00:36,363.3490400257631,0.0027521746030458633
Johannisallee,51.3286433,12.3863155,51.3299189,12.3916996,2023-09-01 00:00:36,400.07216537464495,0.002499549047766311
Innenstadt,51.3286433,12.3863155,51.3428087,12.3571118,2023-09-01 00:00:36,2568.4470471603995,0.0003893403218515137
schleussig,51.31665345,12.341958899999998,51.3237026,12.3416294,2023-09-01 00:00:36,784.1641059206976,0.001275243271720384
schleussig,51.31665345,12.341958899999998,51.3237026,12.3416294,2023-09-01 00:00:36,784.1641059206976,0.001275243271720384
schleussig,51.31665345,12.341958899999998,51.3237026,12.3416294,2023-09-01 00:00:36,784.1641059206976,0.001275243271720384
schleussig,51.31665345,12.341958899999998,51.3237026,12.3416294,2023-09-01 00:00:36,784.1641059206976,0.001275243271720384
schleussig,51.31665345,12.341958899999998,51.3237026,12.3416294,2023-09-01 00:00:36,784.1641059206976,0.001275243271720384
schleussig,51.31665345,12.341958899999998,51.3237026,12.3416294,2023-09-01 00:00:36,784.1641059206976,0.001275243271720384
Kochstraße,51.32259875,12.372421222140954,51.3232157,12.3725181,2023-06-06 00:00:36,68.93122550170725,0.014507213424998989
Kochstraße,51.32259875,12.372421222140954,51.3232157,12.3725181,2023-06-06 00:00:36,68.93122550170725,0.014507213424998989
Karl-Liebknecht-Straße,51.32259875,12.372421222140954,51.3206349,12.3736195,2023-06-06 00:00:36,233.7078357740503,0.004278846692015941
Karli,51.32259875,12.372421222140954,51.3206349,12.3736195,2023-06-06 00:00:36,233.7078357740503,0.004278846692015941
Südplatz,51.32259875,12.372421222140954,51.2777287,12.373672483961474,2023-06-06 00:00:36,4990.080244000336,0.0002003975790173551
Biomare,51.32259875,12.372421222140954,51.3065344,12.3268087,2023-06-06 00:00:36,3638.7670482921367,0.0002748183620243984
Clara-Zetkin-Park,51.32259875,12.372421222140954,51.33050505,12.358850998005359,2023-06-06 00:00:36,1289.171504328602,0.0007756919825192678
Cospudener See,51.32259875,12.372421222140954,51.26693425,12.33385365488608,2023-06-06 00:00:36,6745.563158442171,0.00014824559143716346
Wilhelm-Leuschner-Platz,51.32259875,12.372421222140954,51.3343111,12.3741402,2023-06-06 00:00:36,1307.819019197975,0.0007646317918004081
Reudnitz-Thonberg,51.3344482,12.4067186,51.3320124,12.4067622,2023-06-06 00:00:36,270.86553948729596,0.0036918686736335526
Riebeck- /Oststraße,51.3344482,12.4067186,51.3317898,12.4054905,2023-06-06 00:00:36,307.6675332574582,0.0032502617010394573
Lene-Voigt-Park,51.3344482,12.4067186,51.3342895,12.399465057699512,2023-06-06 00:00:36,504.22512189999003,0.0019832411289462566
Innenstadt,51.3438918,12.4202738,51.3428087,12.3571118,2023-06-12 00:00:36,4388.767266964481,0.00022785441541347816
Volkmarsdorf,51.3439432,12.4200399,51.3436045,12.4084617,2023-06-12 00:00:36,805.0741241430771,0.00124212165067956
Volkmarsdorf,51.3439432,12.4200399,51.3436045,12.4084617,2023-06-12 00:00:36,805.0741241430771,0.00124212165067956
Innenstadt,51.3439432,12.4200399,51.3428087,12.3571118,2023-06-12 00:00:36,4372.68585780454,0.00022869239467892736
Ludwigstraße,51.3460795,12.4072056,51.3465055,12.4017872,2023-06-07 00:00:36,379.29728463309283,0.002636454413237717
Hildegardstraße,51.3460795,12.4072056,51.3473581,12.4075857,2023-06-07 00:00:36,144.6039802982782,0.006915438966045577
Leipzigs,51.3460795,12.4072056,51.341174949999996,12.377320051717579,2023-06-07 00:00:36,2146.2266727236997,0.00046593401000414165
Parks Rabet,51.3460795,12.4072056,51.344070450000004,12.403435321472916,2023-06-07 00:00:36,344.2092268195548,0.0029052097447818596
Mariannenpark,51.3460795,12.4072056,51.354901749999996,12.402328321667799,2023-06-07 00:00:36,1037.8185617905206,0.0009635595631231791
Hermann-Liebmann-Straße,51.3460795,12.4072056,51.3503911,12.4058943,2023-06-07 00:00:36,488.00115884170356,0.002049175461741838
Hbf Leipzig,51.3460795,12.4072056,51.3439179,12.3801743,2023-06-07 00:00:36,1892.799228882951,0.0005283180512442185
Hermann-Liebmann-,51.3460795,12.4072056,51.3478317,12.4382239,2023-06-07 00:00:36,2163.096267409562,0.0004623002753352074
Leipzigs,51.3460795,12.4072056,51.341174949999996,12.377320051717579,2023-06-07 00:00:36,2146.2266727236997,0.00046593401000414165
Augustusplatz,51.3460795,12.4072056,51.33881875,12.380698004770004,2023-06-07 00:00:36,2010.438013026823,0.0004974040450490915
Innenstadt,51.3460795,12.4072056,51.3428087,12.3571118,2023-06-07 00:00:36,3498.2957307067663,0.0002858534775154553
Nr.2,51.3424364,12.4030516,51.3330091,12.6390197,2023-06-06 00:00:36,16425.393310065625,6.0881342755256356e-05
Neustadt-Neuschönefeld,51.3424364,12.4030516,51.3451592,12.3996943,2023-06-06 00:00:36,382.15429243713976,0.0026167441261031738
Zentrum Ost,51.3424364,12.4030516,51.3458912,12.3864781,2023-06-06 00:00:36,1213.5519644613373,0.0008240273422851511
Rabet Park,51.3424364,12.4030516,51.344070450000004,12.403435321472916,2023-06-06 00:00:36,183.64245553194274,0.005445363911647653
Innenstadt,51.374584850000005,12.383245036479067,51.3428087,12.3571118,2023-06-15 00:00:36,3972.047172225266,0.0002517593464127387
Augustusplatz,51.374584850000005,12.383245036479067,51.33881875,12.380698004770004,2023-06-15 00:00:36,3980.939481936594,0.0002511969861731064
Innenstadt,51.374584850000005,12.383245036479067,51.3428087,12.3571118,2023-06-15 00:00:36,3972.047172225266,0.0002517593464127387
Lene Voigt Park,51.3323514,12.4022873,51.3342895,12.399465057699512,2023-08-01 00:00:36,291.35354809436757,0.003432256125043332
Friedenspark,51.3323514,12.4022873,51.32741475,12.3946794131321,2023-08-01 00:00:36,762.054195324541,0.0013122426280641674
Clara-Zetkin-Park,51.3214749,12.3397877,51.33050505,12.358850998005359,2023-10-01 00:00:36,1662.168034504481,0.0006016238907506821
Küchenholz,51.3214749,12.3397877,51.3047775,12.3378828,2023-10-01 00:00:36,1861.3808042867884,0.0005372355821533051
Auwald,51.3214749,12.3397877,51.3698502,12.383318635685393,2023-10-01 00:00:36,6170.549594875649,0.00016206011873406753
Hauptbahnhof,51.3214749,12.3397877,51.3439179,12.3801743,2023-10-01 00:00:36,3755.0551366396976,0.00026630767421830035
Connewitz,51.3214749,12.3397877,51.3032502,12.3720368,2023-10-01 00:00:36,3021.737086053571,0.0003309354756955422
Plagwitz,51.3214749,12.3397877,51.3281994,12.3382998,2023-10-01 00:00:36,754.8441952994596,0.0013247766972670208
Lindenau,51.3214749,12.3397877,51.3329859,12.3328978,2023-10-01 00:00:36,1366.5614811869666,0.0007317636372506424
Schleußig,51.3214749,12.3397877,51.3237026,12.3416294,2023-10-01 00:00:36,278.815957648255,0.003586595288285353
eis,51.3214749,12.3397877,51.353918,12.3727514,2023-10-01 00:00:36,4272.8985633472985,0.00023403317096688136
boulderhalle,51.3214749,12.3397877,51.351753,12.39543270735106,2023-10-01 00:00:36,5126.182646305497,0.00019507693521624955
Kolonnadenstraße,51.3379442,12.3662472,51.3379292,12.364272,2023-09-01 00:00:36,137.22004676668968,0.007287564926284161
Westplatz,51.3379442,12.3662472,51.33858005,12.362125890894621,2023-09-01 00:00:36,294.89157945749565,0.003391076821656535
Innenstadt,51.3379442,12.3662472,51.3428087,12.3571118,2023-09-01 00:00:36,833.8219107798607,0.0011992968607225918
Augustusplatz,51.3379442,12.3662472,51.33881875,12.380698004770004,2023-09-01 00:00:36,1008.5340209202026,0.0009915381923235312
Johannapark,51.3379442,12.3662472,51.3346363,12.363066859285988,2023-09-01 00:00:36,429.0744449154548,0.002330597899385597
Plagwitz,51.32680975,12.3252841,51.3281994,12.3382998,2023-09-01 00:00:36,917.4648835819966,0.001089959973286135
Zentrum-Süd,51.3268828,12.3739188,51.3302376,12.3679761,2023-09-01 00:00:36,556.4570979782266,0.0017970837349964555
Karli,51.3268828,12.3739188,51.3206349,12.3736195,2023-09-01 00:00:36,695.0460143681335,0.0014387536642578985
Innenstadt,51.341231,12.4121601,51.3428087,12.3571118,2023-06-08 00:00:36,3827.685419515179,0.0002612544894367682
Hauptbahnhof,51.341231,12.4121601,51.3439179,12.3801743,2023-06-08 00:00:36,2241.710398548165,0.0004460879517031487
Augustusplatz,51.341231,12.4121601,51.33881875,12.380698004770004,2023-06-08 00:00:36,2201.855889613813,0.00045416232947715376
Eisenbahnstraße,51.341231,12.4121601,51.345619400000004,12.404487316089803,2023-06-08 00:00:36,722.5882435885577,0.001383914018630783
Rabet,51.345671,12.4053291,51.344070450000004,12.403435321472916,2023-07-09 00:00:36,221.3042812462731,0.004518665406599949
Mariannenpark,51.345671,12.4053291,51.354901749999996,12.402328321667799,2023-07-09 00:00:36,1047.3547805321127,0.000954786304113632
Fanny,51.345671,12.4053291,51.3553287,12.373365,2023-07-09 00:00:36,2465.9351379860504,0.00040552567040214537
Westplatz,51.3376353,12.3656723,51.33858005,12.362125890894621,2023-08-01 00:00:36,267.81831403422115,0.003733874599301012
Johannapark,51.3376353,12.3656723,51.3346363,12.363066859285988,2023-08-01 00:00:36,379.42685610550916,0.0026355540835041073
Kolonnadenviertel,51.3376353,12.3656723,51.3378559,12.3654096,2023-08-01 00:00:36,30.573240638344696,0.03270834164520357
Wilhelm-Leuschner Platz,51.3376353,12.3656723,51.3343111,12.3741402,2023-08-01 00:00:36,694.7505318029662,0.0014393655768853786
Hauptbahnhof,51.3376353,12.3656723,51.3439179,12.3801743,2023-08-01 00:00:36,1225.8724204881967,0.00081574557293797
Augustusplatz,51.3376353,12.3656723,51.33881875,12.380698004770004,2023-08-01 00:00:36,1052.0366822955386,0.0009505371978266054
Zentrum-Nord,51.3671399,12.3826311,51.3530028,12.3762329,2023-08-15 00:00:36,1633.540670167269,0.0006121671888938054
Straßenbahn Linie 16,51.3671399,12.3826311,51.390765,12.3768643,2023-08-15 00:00:36,2657.305981698108,0.00037632098331444926
Innenstadt,51.3671399,12.3826311,51.3428087,12.3571118,2023-08-15 00:00:36,3234.1933090964094,0.0003091961130422927
Rosenthal,51.3671399,12.3826311,51.3529361,12.3617394,2023-08-15 00:00:36,2144.4411336633066,0.00046632196347200244
Oper,51.3671399,12.3826311,51.34051735,12.381463368634886,2023-08-15 00:00:36,2961.4029145965437,0.00033767779287008576
Horns Erben,51.32312535,12.37171945232486,51.3233277,12.3720292,2023-06-05 00:00:36,31.137489021226212,0.032115627542038054
Karli,51.32312535,12.37171945232486,51.3206349,12.3736195,2023-06-05 00:00:36,306.7915811511673,0.003259541856552002
Ostplatz,51.333471,12.3956632,51.3320809,12.3950017,2023-09-15 00:00:36,161.2593692816756,0.006201190073199878
Augustusplatz,51.333471,12.3956632,51.33881875,12.380698004770004,2023-09-15 00:00:36,1197.666625724255,0.0008349568891053287
Körnerstraße,51.322980650000005,12.379040268871124,51.3252778,12.3735205,2023-09-01 00:00:36,460.82381098024473,0.0021700267568050416
Südplatz,51.322980650000005,12.379040268871124,51.2777287,12.373672483961474,2023-09-01 00:00:36,5045.607076801046,0.00019819220656278446
Albrecht-Dürer-Platz,51.322980650000005,12.379040268871124,51.32361665,12.37770201616014,2023-09-01 00:00:36,116.82914582317413,0.008559507928899373
Innenstadt,51.322980650000005,12.379040268871124,51.3428087,12.3571118,2023-09-01 00:00:36,2679.9202457065685,0.00037314543281729163
Bayrischer Bahnhof,51.322980650000005,12.379040268871124,51.329196,12.3811613,2023-09-01 00:00:36,706.6546926956743,0.0014151183178099363
Connewitz,51.322980650000005,12.379040268871124,51.3032502,12.3720368,2023-09-01 00:00:36,2247.277197005822,0.00044498293371745954
Clara-Zetkin-Park,51.322980650000005,12.379040268871124,51.33050505,12.358850998005359,2023-09-01 00:00:36,1633.3772230819973,0.0006122284466004207
Markkleeberg See,51.322980650000005,12.379040268871124,51.271132949999995,12.351288053962318,2023-09-01 00:00:36,6079.53604533823,0.0001644862358809102
Karl-Heine-Straße,51.322980650000005,12.379040268871124,51.3321577,12.3487401,2023-09-01 00:00:36,2339.5861628966786,0.0004274260191220674
Zentrum- Augustusplatz,51.3304266,12.4082362,51.337807549999994,12.380613397308753,2023-06-25 00:00:36,2087.152601933966,0.0004791216507472406
Karl-Heine-Straße,51.3364247,12.3290193,51.3321577,12.3487401,2023-06-15 00:00:36,1449.8731208627153,0.0006897155244901512
Mariannenstr,51.3468658,12.406077,51.3468658,12.406077,2023-06-19 00:00:36,0.0,0.0
Bernhard-Göring-Straße,51.3282844,12.3776069,51.3088598,12.3764412,2023-07-01 00:00:36,2161.435663241777,0.00046265545489342677
Zentrum-Süd,51.3282844,12.3776069,51.3302376,12.3679761,2023-07-01 00:00:36,703.5069987687523,0.001421449966738294
Südvorstadt,51.3282844,12.3776069,51.3225214,12.3746133,2023-07-01 00:00:36,673.7316256166775,0.001484270534405571
Bayerischen Bahnhof,51.3282844,12.3776069,51.32720155,12.3871659713826,2023-07-01 00:00:36,675.0072503812017,0.001481465568607245
Cospudener See,51.3282844,12.3776069,51.26693425,12.33385365488608,2023-07-01 00:00:36,7469.362077605828,0.00013388024166054784
Innenstadt,51.362773,12.3640288,51.3428087,12.3571118,2023-07-01 00:00:36,2271.3021661943944,0.0004402760737359385
Hauptbahnhof,51.362773,12.3640288,51.3439179,12.3801743,2023-07-01 00:00:36,2377.5547366871283,0.00042060020094149107
Rosental,51.362773,12.3640288,51.34999295,12.363226166008772,2023-07-01 00:00:36,1422.1692181782537,0.0007031512053684885
Georg-Schumann-Straße,51.362773,12.3640288,51.3637048,12.3603487,2023-07-01 00:00:36,275.7110243613945,0.003626985907858466
Könneritzstraße,51.31893825,12.343412628307671,51.3286088,12.3462619,2023-07-01 00:00:36,1093.3913287668204,0.0009145856325089466
Elster,51.31893825,12.343412628307671,51.3399386,12.3592593,2023-07-01 00:00:36,2581.6807788829046,0.00038734455792505096
Südvorstadt,51.318662,12.38095775,51.3225214,12.3746133,2023-06-30 00:00:36,615.2659418276692,0.0016253134328051131
Bayrischen Platz,51.318662,12.38095775,51.33061295,12.381829563491468,2023-06-30 00:00:36,1330.2650910775365,0.000751729867007172
Innenstadt,51.318662,12.38095775,51.3428087,12.3571118,2023-06-30 00:00:36,3154.9957003748536,0.0003169576427255312
Reudnitz,51.33154615,12.407595899692115,51.335919,12.3995116,2023-07-01 00:00:36,742.8765479100596,0.0013461186825904088
Reudnitz,51.33154615,12.407595899692115,51.335919,12.3995116,2023-07-01 00:00:36,742.8765479100596,0.0013461186825904088
Riebeck-,51.33154615,12.407595899692115,51.325229750000005,12.401425426946997,2023-07-01 00:00:36,822.8649559144351,0.001215266238782423
Oststr,51.33154615,12.407595899692115,51.3288305,12.4177239,2023-07-01 00:00:36,765.7289776817684,0.0013059450917313894
Lene-Voigt,51.33154615,12.407595899692115,51.3108737,12.4085741,2023-07-01 00:00:36,2299.6764532821758,0.00043484377925110567
Friedenspark,51.33154615,12.407595899692115,51.32741475,12.3946794131321,2023-07-01 00:00:36,1008.1736915055851,0.000991892576076471
Plagwitz,51.33154615,12.407595899692115,51.3281994,12.3382998,2023-07-01 00:00:36,4828.953644645213,0.00020708419951574638
Lene-Voigt-Park,51.3321802,12.4111974,51.3342895,12.399465057699512,2023-07-27 00:00:36,848.1606788940383,0.001179021882155576
Südfriedhof,51.3321802,12.4111974,51.3088798,12.415261679382729,2023-07-27 00:00:36,2606.2353617775243,0.0003836952006199365
Friedenspark,51.3321802,12.4111974,51.32741475,12.3946794131321,2023-07-27 00:00:36,1264.0739316276388,0.0007910929693110485
Lene-Voigt-Park,51.3329265,12.3963733,51.3342895,12.399465057699512,2023-08-01 00:00:36,262.8806270516245,0.003804007968238831
Friedenspark,51.3329265,12.3963733,51.32741475,12.3946794131321,2023-08-01 00:00:36,624.0758773883379,0.0016023692570602908
Ostplatz,51.3329265,12.3963733,51.3320809,12.3950017,2023-08-01 00:00:36,133.87085301364812,0.007469885919812957
Eisenbahnstraße,51.3467318,12.399978095306375,51.345619400000004,12.404487316089803,2023-07-18 00:00:36,336.7245932898416,0.002969786050463004
Nonnenstraße,51.331389,12.3464651,51.3261773,12.3384792,2023-08-15 00:00:36,802.3147749090915,0.0012463935992121143
Klingerweg,51.331389,12.3464651,51.3296144,12.3488785,2023-08-15 00:00:36,258.9467397151879,0.0038617979940581094
Innenstadt,51.331389,12.3464651,51.3428087,12.3571118,2023-08-15 00:00:36,1469.5011373435755,0.0006805030459572865
Plagwitz,51.331389,12.3464651,51.3281994,12.3382998,2023-08-15 00:00:36,669.0548234462761,0.0014946458271521573
Karl-Heine-Straße,51.331389,12.3464651,51.3321577,12.3487401,2023-08-15 00:00:36,179.68899609207142,0.0055651710552582015
Clara-Park,51.331389,12.3464651,51.33050505,12.358850998005359,2023-08-15 00:00:36,866.1293806607637,0.0011545619191870703
Augustusplatz,51.3365967,12.3842682,51.33881875,12.380698004770004,2023-07-01 00:00:36,350.08233289690617,0.0028564709099287355
Johannisplatz,51.3365967,12.3842682,51.337709450000006,12.386501176268977,2023-07-01 00:00:36,198.42291699963397,0.0050397404449096204
Roßplatz,51.3365967,12.3842682,51.3358812,12.3770645,2023-07-01 00:00:36,506.71803178623526,0.001973484141614012
Leuschner Platz,51.3365967,12.3842682,51.3354384,12.3753366,2023-07-01 00:00:36,633.6983411269006,0.001578037900843654
Bayrischer Bahnhof,51.3365967,12.3842682,51.329196,12.3811613,2023-07-01 00:00:36,850.7575846173304,0.0011754229619355067
Friedenspark,51.3365967,12.3842682,51.32741475,12.3946794131321,2023-07-01 00:00:36,1251.2426794425535,0.0007992054750286446
Lene-Voigt-Park,51.3365967,12.3842682,51.3342895,12.399465057699512,2023-07-01 00:00:36,1086.4519493362432,0.0009204272684226301
Kanal,51.3365967,12.3842682,51.3301795,12.32212,2023-07-01 00:00:36,4376.202587781178,0.00022850861676104896
Cospudener See,51.3365967,12.3842682,51.26693425,12.33385365488608,2023-07-01 00:00:36,8502.140095003959,0.00011761744558733178
UFZ,51.3365967,12.3842682,51.3521486,12.430125896621973,2023-07-01 00:00:36,3624.2839547875624,0.000275916570686751
Augustusplatz,51.3365967,12.3842682,51.33881875,12.380698004770004,2023-07-01 00:00:36,350.08233289690617,0.0028564709099287355
Johannisplatz,51.3365967,12.3842682,51.337709450000006,12.386501176268977,2023-07-01 00:00:36,198.42291699963397,0.0050397404449096204
Roßplatz,51.3365967,12.3842682,51.3358812,12.3770645,2023-07-01 00:00:36,506.71803178623526,0.001973484141614012
Leuschner Platz,51.3365967,12.3842682,51.3354384,12.3753366,2023-07-01 00:00:36,633.6983411269006,0.001578037900843654
Bayrischer Bahnhof,51.3365967,12.3842682,51.329196,12.3811613,2023-07-01 00:00:36,850.7575846173304,0.0011754229619355067
Fockeberg,51.3169332,12.3705881,51.3171414,12.3622021,2023-06-25 00:00:36,583.2698823831154,0.0017144722026692257
Connewitz,51.3169332,12.3705881,51.3032502,12.3720368,2023-06-25 00:00:36,1524.808783980177,0.0006558199365757329
Lindenau,51.3364247,12.3290193,51.3329859,12.3328978,2023-09-01 00:00:36,467.77390249729154,0.0021377849312698457
Lindenau,51.3364247,12.3290193,51.3329859,12.3328978,2023-09-01 00:00:36,467.77390249729154,0.0021377849312698457
Lindenau,51.3364247,12.3290193,51.3329859,12.3328978,2023-09-01 00:00:36,467.77390249729154,0.0021377849312698457
Lindenauer,51.3364247,12.3290193,51.334225599999996,12.298047180832125,2023-09-01 00:00:36,2165.492695087685,0.0004617886738978392
Karl-Heine-Straße,51.3364247,12.3290193,51.3321577,12.3487401,2023-09-01 00:00:36,1449.8731208627153,0.0006897155244901512
Kanal,51.3364247,12.3290193,51.3301795,12.32212,2023-09-01 00:00:36,843.7918402484129,0.0011851264166119447
Lützner,51.3364247,12.3290193,51.3163201,12.262716,2023-09-01 00:00:36,5120.754215483551,0.0001952837332001435
Merseburgerstraße,51.3364247,12.3290193,51.3457333,12.2680142,2023-09-01 00:00:36,4362.093621541327,0.0002292477160649877
Karl-Heine-/Merseburgerstraße,51.3364247,12.3290193,51.3313734,12.3336076,2023-09-01 00:00:36,645.8261839798663,0.0015484042375574773
Lindenau,51.3364247,12.3290193,51.3329859,12.3328978,2023-09-01 00:00:36,467.77390249729154,0.0021377849312698457
Lindenau,51.3364247,12.3290193,51.3329859,12.3328978,2023-09-01 00:00:36,467.77390249729154,0.0021377849312698457
Connewitzer Kreuz,51.3116843,12.380057,51.3115785,12.3729618,2023-07-09 00:00:36,493.3006416708111,0.0020271613606927335
Connewitzer Kreuz,51.3116843,12.380057,51.3115785,12.3729618,2023-07-09 00:00:36,493.3006416708111,0.0020271613606927335
Coppiplatz,51.368242,12.3696354,51.36743665,12.367130431077214,2024-01-08 00:00:36,195.6008331516293,0.005112452661307441
Kurze,51.368242,12.3696354,51.3850583,12.3218602,2024-01-08 00:00:36,3806.8489271146336,0.0002626844456257267
Rabet Park,51.3395491,12.4063357,51.344070450000004,12.403435321472916,2023-06-05 00:00:36,541.6138354393588,0.0018463339275459922
Hauptbahnhof,51.3395491,12.4063357,51.3439179,12.3801743,2023-06-05 00:00:36,1880.9985853920743,0.0005316325103942386
Lene Voigt Parks,51.3370268,12.4008649,51.3342895,12.399465057699512,2023-08-14 00:00:36,319.5315085210476,0.0031295818200480527
Augustusplatz,51.3370268,12.4008649,51.33881875,12.380698004770004,2023-08-14 00:00:36,1415.0200886345392,0.0007067037479057815
Augustusplatz,51.3370268,12.4008649,51.33881875,12.380698004770004,2023-08-14 00:00:36,1415.0200886345392,0.0007067037479057815
city centre,51.3370268,12.4008649,51.3456489,12.387456978974498,2023-08-14 00:00:36,1336.6174170558018,0.0007481572417354274
Plagwitz,51.33245855,12.344582203021282,51.3281994,12.3382998,2023-06-05 00:00:36,644.0611626926591,0.0015526475712636504
Bundesgerichtshof,51.33245855,12.344582203021282,51.317212350000005,12.391149959114582,2023-06-05 00:00:36,3653.0187899511907,0.00027374619663901627
Luppe,51.33245855,12.344582203021282,51.364446,12.2728546,2023-06-05 00:00:36,6120.994214409078,0.00016337215245947428
Plagwitz,51.33245855,12.344582203021282,51.3281994,12.3382998,2023-06-05 00:00:36,644.0611626926591,0.0015526475712636504
Hauptbahnhof,51.33245855,12.344582203021282,51.3439179,12.3801743,2023-06-05 00:00:36,2781.47357638118,0.0003595216609251576
Plagwitz,51.33245855,12.344582203021282,51.3281994,12.3382998,2023-06-05 00:00:36,644.0611626926591,0.0015526475712636504
Plagwitz,51.33245855,12.344582203021282,51.3281994,12.3382998,2023-06-05 00:00:36,644.0611626926591,0.0015526475712636504
Karl-Heine-Straße,51.33245855,12.344582203021282,51.3321577,12.3487401,2023-06-05 00:00:36,290.79992605667866,0.003438790420480004
Zschochersche Straße,51.33245855,12.344582203021282,51.33466,12.3393216,2023-06-05 00:00:36,439.87531716412803,0.002273371478188389
Karl-Heine-Kanal,51.33245855,12.344582203021282,51.3301795,12.32212,2023-06-05 00:00:36,1581.034202668568,0.0006324973857694778
Innenstadt,51.313726,12.323652,51.3428087,12.3571118,2023-06-15 00:00:36,3982.7835328890937,0.0002510806805698035
Karl-Heine Straße,51.313726,12.323652,51.3321577,12.3487401,2023-06-15 00:00:36,2690.680417813842,0.00037165320466132977
Hauptbahnhof/,51.313726,12.323652,51.3439179,12.3801743,2023-06-15 00:00:36,5166.567661658258,0.00019355209599230153
Plagwitz,51.3193282,12.3352649,51.3281994,12.3382998,2023-06-08 00:00:36,1008.7234164424511,0.0009913520234583065
Antonienstraße,51.3193282,12.3352649,51.3209976,12.3086557,2023-06-08 00:00:36,1858.4541279938057,0.0005380816157563686
Bürgerbahnhof,51.3193282,12.3352649,51.323853650000004,12.322392709604078,2023-06-08 00:00:36,1026.3296256131048,0.0009743458388455111
Karl-Heine Straße,51.3193282,12.3352649,51.3321577,12.3487401,2023-06-08 00:00:36,1706.4042745597872,0.0005860275990330467
Moody,51.3193282,12.3352649,51.3500977,12.3439687,2023-06-08 00:00:36,3474.4323486893345,0.00028781679988019673
Moody,51.3193282,12.3352649,51.3500977,12.3439687,2023-06-08 00:00:36,3474.4323486893345,0.00028781679988019673
Moody,51.3193282,12.3352649,51.3500977,12.3439687,2023-06-08 00:00:36,3474.4323486893345,0.00028781679988019673
Moody,51.3193282,12.3352649,51.3500977,12.3439687,2023-06-08 00:00:36,3474.4323486893345,0.00028781679988019673
Zentrum-Ost,51.34246795,12.38835356028352,51.3458912,12.3864781,2023-07-01 00:00:36,402.3201879830863,0.0024855824536501765
Hauptbahnhof,51.34246795,12.38835356028352,51.3439179,12.3801743,2023-07-01 00:00:36,590.5525797682363,0.0016933293228393858
Augustusplatz,51.34246795,12.38835356028352,51.33881875,12.380698004770004,2023-07-01 00:00:36,668.9041808084213,0.00149498243349507
Hauptbahnhof,51.34246795,12.38835356028352,51.3439179,12.3801743,2023-07-01 00:00:36,590.5525797682363,0.0016933293228393858
Waldstraßenviertel,51.3459017,12.355583217706558,51.3457942,12.357804,2023-08-01 00:00:36,154.70547458092483,0.00646389536445855
Hauptbahnhof,51.3459017,12.355583217706558,51.3439179,12.3801743,2023-08-01 00:00:36,1722.178216411121,0.0005806599981759835
Jahnallee,51.3459017,12.355583217706558,51.3430902,12.3645628,2023-08-01 00:00:36,697.6550782497899,0.0014333730681194267
Rosental,51.3459017,12.355583217706558,51.34999295,12.363226166008772,2023-08-01 00:00:36,699.0843426372905,0.0014304425646660993
HS Feuerbachstraße,51.3459017,12.355583217706558,51.34559255,12.355772907308685,2023-08-01 00:00:36,36.81410819743202,0.02716349923885309
Waldplatz,51.3459017,12.355583217706558,51.342295449999995,12.35911580120763,2023-08-01 00:00:36,470.1076328417531,0.00212717243911804
Südvorstadt,51.3545219,12.3716287,51.3225214,12.3746133,2023-06-05 00:00:36,3564.328149878411,0.00028055778198595794
Schleußig,51.319571,12.342972587753792,51.3237026,12.3416294,2023-06-14 00:00:36,468.7990299713219,0.0021331102158235558
Oeserstraße,51.319571,12.342972587753792,51.3194294,12.34129,2023-06-14 00:00:36,117.98553204167798,0.008475615464841515
Rödelstraße,51.319571,12.342972587753792,51.3188579,12.3440157,2023-06-14 00:00:36,107.43513842646715,0.009307941653413882
Clara-Zetkin-Park,51.319571,12.342972587753792,51.33050505,12.358850998005359,2023-06-14 00:00:36,1641.8047704269036,0.0006090858170304738
Sachsenbrücke,51.319571,12.342972587753792,51.330309,12.354251167391846,2023-06-14 00:00:36,1428.2346050658844,0.000700165082440269
Goerdelerring,51.34470495,12.373379206110169,51.3420268,12.3691736,2023-07-01 00:00:36,417.14881999843266,0.002397226006785198
Hauptbahnhof,51.34470495,12.373379206110169,51.3439179,12.3801743,2023-07-01 00:00:36,480.01006752700135,0.0020832896383860705
Leipzigs,51.34470495,12.373379206110169,51.341174949999996,12.377320051717579,2023-07-01 00:00:36,478.5357883399584,0.0020897078637921772
Rosental,51.34470495,12.373379206110169,51.34999295,12.363226166008772,2023-07-01 00:00:36,918.1386763055351,0.0010891600863868012
Brühl,51.34470495,12.373379206110169,51.342848,12.3778821,2023-07-01 00:00:36,374.77196990768965,0.0026682892006206086
Innenstadt,51.34470495,12.373379206110169,51.3428087,12.3571118,2023-07-01 00:00:36,1149.3993116913416,0.0008700196614251487
Pariser,51.34470495,12.373379206110169,51.1394662,12.7701422,2023-07-01 00:00:36,35827.90124018717,2.791120789621714e-05
Weiße Elster,51.3323648,12.338942,51.3563009,12.3387443,2023-07-21 00:00:36,2661.608305376939,0.00037571268393618096
Clara Park,51.3323648,12.338942,51.33050505,12.358850998005359,2023-07-21 00:00:36,1398.5742589248864,0.0007150138747503627
Palmengarten,51.3323648,12.338942,51.335992250000004,12.344426023058885,2023-07-21 00:00:36,554.8377995746282,0.0018023285377576288
Linie 14,51.3323648,12.338942,51.3000088,12.3660866,2023-07-21 00:00:36,4062.4287517597218,0.00024615816328269884
Karl-Heine-Straße,51.3323648,12.338942,51.3321577,12.3487401,2023-07-21 00:00:36,681.1117941303496,0.0014681877609780786
Augustusplatz,51.3323514,12.4022873,51.33881875,12.380698004770004,2023-06-15 00:00:36,1663.3027168898611,0.0006012134711532591
Hauptbahnhof,51.3323514,12.4022873,51.3439179,12.3801743,2023-06-15 00:00:36,2003.436271781159,0.0004991424055185684
Lene-Voigt-Park,51.3323514,12.4022873,51.3342895,12.399465057699512,2023-06-15 00:00:36,291.35354809436757,0.003432256125043332
Friedenspark,51.3323514,12.4022873,51.32741475,12.3946794131321,2023-06-15 00:00:36,762.054195324541,0.0013122426280641674
Mariannenstraße,51.3468658,12.406077,51.3468658,12.406077,2023-08-01 00:00:36,0.0,0.0
Mariannenpark,51.3468658,12.406077,51.354901749999996,12.402328321667799,2023-08-01 00:00:36,930.7079879037614,0.0010744508621359373
Innenstadt,51.3468658,12.406077,51.3428087,12.3571118,2023-08-01 00:00:36,3430.7114134717267,0.0002914847328962726
Hermann-Liebmann,51.3450198,12.4107351,51.3478317,12.4382239,2023-07-01 00:00:36,1934.626135288699,0.000516895735956122
Leipzigs,51.3455426,12.355542664500913,51.341174949999996,12.377320051717579,2023-07-01 00:00:36,1588.6706528697998,0.0006294570861453154
Waldstraßenviertel,51.3455426,12.355542664500913,51.3457942,12.357804,2023-07-01 00:00:36,159.5324367602806,0.006268317718374962
Rosental,51.3455426,12.355542664500913,51.34999295,12.363226166008772,2023-07-01 00:00:36,727.7664607729521,0.0013740671683851876
Elsterbecken,51.3455426,12.355542664500913,51.33927325,12.352021394836958,2023-07-01 00:00:36,738.7817063166507,0.0013535798077428138
universität leipzig,51.3455426,12.355542664500913,51.33845385,12.37863856850984,2023-07-01 00:00:36,1787.4326720189836,0.0005594616321242781
Quarterback Arena,51.3455426,12.355542664500913,51.3429288,12.354682494255457,2023-07-01 00:00:36,296.7183679335463,0.003370199178986999
Jahnallee,51.3455426,12.355542664500913,51.3430902,12.3645628,2023-07-01 00:00:36,683.2826940316105,0.0014635230904205183
nebenan :),51.3455426,12.355542664500913,51.346702,12.4059193,2023-07-01 00:00:36,3501.2296435151975,0.0002856139419052818
Feuerbachstraße,51.3455426,12.355542664500913,51.3465854,12.359471,2023-07-01 00:00:36,296.45623520242964,0.0033731791787653532
Waldplatz,51.3455426,12.355542664500913,51.342295449999995,12.35911580120763,2023-07-01 00:00:36,438.1353307182782,0.002282399820075231
Einertstraße,51.3449188,12.4002545,51.3466625,12.3988397,2023-08-01 00:00:36,217.36927654221682,0.004600466155601263
Netto Schönefeld,51.351186350000006,12.406471713413628,51.3509413,12.4078543,2023-06-29 00:00:36,99.8072606568128,0.010019311154511086
icecream,51.351186350000006,12.406471713413628,51.338848,12.3722073,2023-06-29 00:00:36,2746.9969296765134,0.00036403389796207746
Kanal,51.3306773,12.3161212,51.3301795,12.32212,2023-07-01 00:00:36,420.44254646359735,0.002378446254812087
Kleinzschocher,51.31272605,12.306705593898212,51.3137327,12.3254713,2023-06-05 00:00:36,1309.081671424418,0.0007638942793476707
Kulkwitzer,51.31272605,12.306705593898212,51.30697765,12.247261668782723,2023-06-05 00:00:36,4181.0296124189335,0.0002391755363391101
Cospudener See,51.31272605,12.306705593898212,51.26693425,12.33385365488608,2023-06-05 00:00:36,5430.5232918572365,0.00018414431653381242
Connewitz,51.31272605,12.306705593898212,51.3032502,12.3720368,2023-06-05 00:00:36,4661.917146524305,0.00021450402668471929
Plagwitz,51.31272605,12.306705593898212,51.3281994,12.3382998,2023-06-05 00:00:36,2789.41724405245,0.0003584978196188411
Schönauer,51.31272605,12.306705593898212,51.33234305,12.283985272583093,2023-06-05 00:00:36,2692.733562794881,0.000371369827975875
Ratzelstr,51.31272605,12.306705593898212,51.3153393,12.3104664,2023-06-05 00:00:36,390.84430246292413,0.002558563585802459
Schönauer Straße,51.31272605,12.306705593898212,51.3214322,12.2918811,2023-06-05 00:00:36,1413.7320378642914,0.0007073476254458294
Connewitz,51.31272605,12.306705593898212,51.3032502,12.3720368,2023-06-05 00:00:36,4661.917146524305,0.00021450402668471929
Plagwitz,51.31272605,12.306705593898212,51.3281994,12.3382998,2023-06-05 00:00:36,2789.41724405245,0.0003584978196188411
Ratzelstr,51.31272605,12.306705593898212,51.3153393,12.3104664,2023-06-05 00:00:36,390.84430246292413,0.002558563585802459
bus 65,51.31272605,12.306705593898212,51.2897419,12.698157,2023-06-05 00:00:36,27334.169900136403,3.658424615246903e-05
Clara-Zetkin-Park,51.3193507,12.3412849,51.33050505,12.358850998005359,2023-06-12 00:00:36,1740.1790274046268,0.0005746535179724815
Innenstadt,51.3193507,12.3412849,51.3428087,12.3571118,2023-06-12 00:00:36,2830.7116694621454,0.0003532680529734089
Karl-Heine-Straße,51.3193507,12.3412849,51.3321577,12.3487401,2023-06-12 00:00:36,1515.365634016167,0.0006599067430014922
Connewitz,51.30429305,12.37950675567254,51.3032502,12.3720368,2023-07-01 00:00:36,532.086580851083,0.0018793933844384503
South,51.345105,12.41144704721793,51.3302376,12.3679761,2023-08-01 00:00:36,3442.688337843543,0.00029047067345816947
Volkmarsdorf,51.345105,12.41144704721793,51.3436045,12.4084617,2023-08-01 00:00:36,266.1449688294,0.0037573507566134156
CENTRE,51.345105,12.41144704721793,51.3458912,12.3864781,2023-08-01 00:00:36,1736.4172304750734,0.0005758984548468261
Zoo,51.3474612,12.3716969,51.3484977,12.371569,2023-10-01 00:00:36,115.59534125465346,0.008650867665998983
Höfe am Brühl,51.3474612,12.3716969,51.343525549999995,12.373734960852833,2023-10-01 00:00:36,459.94822667565506,0.0021741577464656193
Hauptbahnhof,51.3474612,12.3716969,51.3439179,12.3801743,2023-10-01 00:00:36,708.4577466832498,0.0014115167837201988
Universitätsklinikum,51.3474612,12.3716969,51.3301304,12.388615292637777,2023-10-01 00:00:36,2257.185043426458,0.00044302969440289104
Anger-Crottendorf,51.3354483,12.4213432,51.3343406,12.4206407,2023-07-01 00:00:36,132.48685875803616,0.007547918407714106
S3,51.3354483,12.4213432,51.3406321,12.3747329,2023-07-01 00:00:36,3288.7467840972413,0.00030406719204880935
Stünzer- Park,51.3354483,12.4213432,51.3352547,12.433004854221693,2023-07-01 00:00:36,810.4240565082063,0.0012339219103497505
Hermann Park,51.3354483,12.4213432,51.334675250000004,12.413510617230028,2023-07-01 00:00:36,550.8827870600132,0.001815268190420079
Lene Park,51.3354483,12.4213432,51.3342895,12.399465057699512,2023-07-01 00:00:36,1525.3482275263407,0.0006555880040728151
Zentrum-Südost,51.3286433,12.3863155,51.3259444,12.3900136,2023-08-13 00:00:36,395.07885219963265,0.0025311402886598997
Bayerischen Bahnhof,51.3286433,12.3863155,51.32720155,12.3871659713826,2023-08-13 00:00:36,170.85918077265615,0.005852772999834243
Karli,51.3286433,12.3863155,51.3206349,12.3736195,2023-08-13 00:00:36,1253.4975796992567,0.000797767794844824
Clara-Park,51.3286433,12.3863155,51.33050505,12.358850998005359,2023-08-13 00:00:36,1919.402945478068,0.0005209953451180772
Innenstadt,51.3286433,12.3863155,51.3428087,12.3571118,2023-08-13 00:00:36,2568.4470471603995,0.0003893403218515137
Connewitz,51.30791005,12.379517361673877,51.3032502,12.3720368,2023-08-01 00:00:36,734.0951244077856,0.0013622212799829273
Kurt-Eisner-Straße,51.3205564,12.3741876,51.3207111,12.3741034,2023-08-01 00:00:36,18.169788604445117,0.05503641356374156
Hauptbahnhof,51.3205564,12.3741876,51.3439179,12.3801743,2023-08-01 00:00:36,2630.7673996396934,0.000380117223642409
Cospudener See,51.3205564,12.3741876,51.26693425,12.33385365488608,2023-08-01 00:00:36,6589.161134552901,0.0001517643869347951
Clara-Park,51.3205564,12.3741876,51.33050505,12.358850998005359,2023-08-01 00:00:36,1536.0368983828232,0.0006510260274690173
Fockeberg,51.3205564,12.3741876,51.3171414,12.3622021,2023-08-01 00:00:36,915.4107326550154,0.0010924058068443722
Kurt-Eisner-Straße,51.3205564,12.3741876,51.3207111,12.3741034,2023-08-01 00:00:36,18.169788604445117,0.05503641356374156
Hauptbahnhof,51.3205564,12.3741876,51.3439179,12.3801743,2023-08-01 00:00:36,2630.7673996396934,0.000380117223642409
Cospudener See,51.3205564,12.3741876,51.26693425,12.33385365488608,2023-08-01 00:00:36,6589.161134552901,0.0001517643869347951
Clara-Park,51.3205564,12.3741876,51.33050505,12.358850998005359,2023-08-01 00:00:36,1536.0368983828232,0.0006510260274690173
Fockeberg,51.3205564,12.3741876,51.3171414,12.3622021,2023-08-01 00:00:36,915.4107326550154,0.0010924058068443722
Johannisfriedhof,51.3381631,12.3880931,51.33663325,12.39046608530365,2023-07-01 00:00:36,236.87900448490444,0.004221564516342464
Augustusplatz,51.3381631,12.3880931,51.33881875,12.380698004770004,2023-07-01 00:00:36,518.8515199002043,0.0019273336622244832
Johannisfriedhof,51.3381631,12.3880931,51.33663325,12.39046608530365,2023-07-01 00:00:36,236.87900448490444,0.004221564516342464
Karl-Liebknecht-Straße,51.3222442,12.372934976432806,51.3206349,12.3736195,2023-08-01 00:00:36,185.1605446379485,0.0054007186139754465
GutsMuthsstraße,51.3326814,12.331194434426658,51.3355421,12.3291609,2023-07-01 00:00:36,348.0559910023735,0.002873100954590897
Karl-Heine-Straße,51.3326814,12.331194434426658,51.3321577,12.3487401,2023-07-01 00:00:36,1220.3699564931833,0.0008194236466403749
Merseburger Straße,51.3326814,12.331194434426658,51.3457333,12.2680142,2023-07-01 00:00:36,4622.51614152994,0.00021633239763420802
GutsMuthsstraße,51.3326814,12.331194434426658,51.3355421,12.3291609,2023-07-01 00:00:36,348.0559910023735,0.002873100954590897
Karl-Heine,51.3326814,12.331194434426658,51.3301795,12.32212,2023-07-01 00:00:36,689.1086415853307,0.0014511499924009766
Lützner Straße,51.3326814,12.331194434426658,51.3163201,12.262716,2023-07-01 00:00:36,5094.274011746401,0.00019629882446334752
Lindenauer,51.3326814,12.331194434426658,51.334225599999996,12.298047180832125,2023-07-01 00:00:36,2309.236109793809,0.0004330436354077668
Innenstadt,51.3484566,12.4059018,51.3428087,12.3571118,2023-06-07 00:00:36,3446.3966609503605,0.00029015812698827455
Lindenauer,51.3406987,12.3354426,51.334225599999996,12.298047180832125,2023-08-24 00:00:36,2695.6224897125817,0.0003709718270330294
Lindenauer,51.3406987,12.3354426,51.334225599999996,12.298047180832125,2023-08-24 00:00:36,2695.6224897125817,0.0003709718270330294
Karl-Heine-Str,51.3406987,12.3354426,51.3321577,12.3487401,2023-08-24 00:00:36,1324.873934818495,0.0007547887944048035
Clara-Zetkin-Park,51.3406987,12.3354426,51.33050505,12.358850998005359,2023-08-24 00:00:36,1982.230624644616,0.0005044821664882132
Plagwitz,51.3406987,12.3354426,51.3281994,12.3382998,2023-08-24 00:00:36,1403.9612991434224,0.0007122703457781314
Lindenauer,51.3406987,12.3354426,51.334225599999996,12.298047180832125,2023-08-24 00:00:36,2695.6224897125817,0.0003709718270330294
Palmengarten,51.3406987,12.3354426,51.335992250000004,12.344426023058885,2023-08-24 00:00:36,814.4345541641394,0.0012278457426530827
Plagwitz,51.3406987,12.3354426,51.3281994,12.3382998,2023-08-24 00:00:36,1403.9612991434224,0.0007122703457781314
