index,pronouns,lat,lon,free_from
1,male_pronouns,51.32680975,12.3252841,2023-09-01 00:00:32
1,male_pronouns,51.32680975,12.3252841,2023-09-01 00:00:32
3,female_pronouns,51.3257788,12.3274176,2023-08-01 00:00:32
3,female_pronouns,51.3257788,12.3274176,2023-08-01 00:00:32
3,female_pronouns,51.3257788,12.3274176,2023-08-01 00:00:32
3,female_pronouns,51.3257788,12.3274176,2023-08-01 00:00:32
5,female_pronouns,51.3214749,12.3397877,2023-09-01 00:00:32
5,female_pronouns,51.3214749,12.3397877,2023-09-01 00:00:32
6,female_pronouns,51.3349278,12.3271453,2023-07-04 00:00:32
6,female_pronouns,51.3349278,12.3271453,2023-07-04 00:00:32
6,female_pronouns,51.3349278,12.3271453,2023-07-04 00:00:32
6,male_pronouns,51.3349278,12.3271453,2023-07-04 00:00:32
8,male_pronouns,51.32953905,12.408428807257458,2023-08-01 00:00:32
8,male_pronouns,51.32953905,12.408428807257458,2023-08-01 00:00:32
10,female_pronouns,51.3397592,12.370159715075763,2023-08-01 00:00:32
10,male_pronouns,51.3397592,12.370159715075763,2023-08-01 00:00:32
11,female_pronouns,51.3170729,12.3731334,2023-07-01 00:00:32
11,female_pronouns,51.3170729,12.3731334,2023-07-01 00:00:32
11,female_pronouns,51.3170729,12.3731334,2023-07-01 00:00:32
11,female_pronouns,51.3170729,12.3731334,2023-07-01 00:00:32
12,female_pronouns,51.3465055,12.4017872,2023-08-01 00:00:32
12,female_pronouns,51.3465055,12.4017872,2023-08-01 00:00:32
12,female_pronouns,51.3465055,12.4017872,2023-08-01 00:00:32
14,female_pronouns,51.3149476,12.3739798,2023-07-01 00:00:32
14,male_pronouns,51.3149476,12.3739798,2023-07-01 00:00:32
14,male_pronouns,51.3149476,12.3739798,2023-07-01 00:00:32
14,male_pronouns,51.3149476,12.3739798,2023-07-01 00:00:32
15,male_pronouns,51.34511325,12.416840268024828,2023-08-01 00:00:32
16,female_pronouns,51.318662,12.38095775,2023-06-30 00:00:32
16,female_pronouns,51.318662,12.38095775,2023-06-30 00:00:32
16,female_pronouns,51.318662,12.38095775,2023-06-30 00:00:32
16,female_pronouns,51.318662,12.38095775,2023-06-30 00:00:32
17,female_pronouns,51.374584850000005,12.383245036479067,2023-06-15 00:00:32
17,female_pronouns,51.374584850000005,12.383245036479067,2023-06-15 00:00:32
17,female_pronouns,51.374584850000005,12.383245036479067,2023-06-15 00:00:32
18,female_pronouns,51.3379442,12.3662472,2023-07-15 00:00:32
18,male_pronouns,51.3379442,12.3662472,2023-07-15 00:00:32
20,female_pronouns,51.3379595,12.32911496114317,2023-07-01 00:00:32
20,female_pronouns,51.3379595,12.32911496114317,2023-07-01 00:00:32
20,female_pronouns,51.3379595,12.32911496114317,2023-07-01 00:00:32
20,male_pronouns,51.3379595,12.32911496114317,2023-07-01 00:00:32
21,female_pronouns,51.3442071,12.4170937,2023-06-15 00:00:32
23,female_pronouns,51.3331615,12.4124188,2023-07-01 00:00:32
24,female_pronouns,51.3338427,12.4094105,2023-09-01 00:00:32
24,female_pronouns,51.3338427,12.4094105,2023-09-01 00:00:32
24,female_pronouns,51.3338427,12.4094105,2023-09-01 00:00:32
24,female_pronouns,51.3338427,12.4094105,2023-09-01 00:00:32
24,female_pronouns,51.3338427,12.4094105,2023-09-01 00:00:32
24,female_pronouns,51.3338427,12.4094105,2023-09-01 00:00:32
24,female_pronouns,51.3338427,12.4094105,2023-09-01 00:00:32
24,female_pronouns,51.3338427,12.4094105,2023-09-01 00:00:32
24,male_pronouns,51.3338427,12.4094105,2023-09-01 00:00:32
24,male_pronouns,51.3338427,12.4094105,2023-09-01 00:00:32
24,male_pronouns,51.3338427,12.4094105,2023-09-01 00:00:32
24,male_pronouns,51.3338427,12.4094105,2023-09-01 00:00:32
24,male_pronouns,51.3338427,12.4094105,2023-09-01 00:00:32
26,female_pronouns,51.3385476,12.3425237,2023-07-15 00:00:32
26,female_pronouns,51.3385476,12.3425237,2023-07-15 00:00:32
26,female_pronouns,51.3385476,12.3425237,2023-07-15 00:00:32
26,male_pronouns,51.3385476,12.3425237,2023-07-15 00:00:32
27,female_pronouns,51.3326725,12.4212992,2023-08-01 00:00:32
27,female_pronouns,51.3326725,12.4212992,2023-08-01 00:00:32
27,male_pronouns,51.3326725,12.4212992,2023-08-01 00:00:32
28,female_pronouns,51.3278958,12.4089156,2023-07-01 00:00:32
28,female_pronouns,51.3278958,12.4089156,2023-07-01 00:00:32
28,female_pronouns,51.3278958,12.4089156,2023-07-01 00:00:32
28,female_pronouns,51.3278958,12.4089156,2023-07-01 00:00:32
28,female_pronouns,51.3278958,12.4089156,2023-07-01 00:00:32
28,female_pronouns,51.3278958,12.4089156,2023-07-01 00:00:32
28,female_pronouns,51.3278958,12.4089156,2023-07-01 00:00:32
28,male_pronouns,51.3278958,12.4089156,2023-07-01 00:00:32
28,male_pronouns,51.3278958,12.4089156,2023-07-01 00:00:32
28,male_pronouns,51.3278958,12.4089156,2023-07-01 00:00:32
28,male_pronouns,51.3278958,12.4089156,2023-07-01 00:00:32
28,male_pronouns,51.3278958,12.4089156,2023-07-01 00:00:32
28,male_pronouns,51.3278958,12.4089156,2023-07-01 00:00:32
28,male_pronouns,51.3278958,12.4089156,2023-07-01 00:00:32
28,male_pronouns,51.3278958,12.4089156,2023-07-01 00:00:32
29,female_pronouns,51.3326725,12.4212992,2023-08-01 00:00:32
29,female_pronouns,51.3326725,12.4212992,2023-08-01 00:00:32
29,male_pronouns,51.3326725,12.4212992,2023-08-01 00:00:32
30,female_pronouns,51.3488712,12.3779867,2023-09-01 00:00:32
33,female_pronouns,51.3246103,12.3337865,2023-07-01 00:00:32
33,male_pronouns,51.3246103,12.3337865,2023-07-01 00:00:32
33,male_pronouns,51.3246103,12.3337865,2023-07-01 00:00:32
34,male_pronouns,51.3169955,12.369271266830989,2023-07-01 00:00:32
35,female_pronouns,51.359752,12.3750938,2023-07-01 00:00:32
36,female_pronouns,51.3430902,12.3645628,2023-07-01 00:00:32
36,female_pronouns,51.3430902,12.3645628,2023-07-01 00:00:32
36,male_pronouns,51.3430902,12.3645628,2023-07-01 00:00:32
37,female_pronouns,51.3447697,12.4047208,2023-08-30 00:00:32
37,female_pronouns,51.3447697,12.4047208,2023-08-30 00:00:32
37,female_pronouns,51.3447697,12.4047208,2023-08-30 00:00:32
38,female_pronouns,51.3324604,12.3405702,2023-06-20 00:00:32
38,female_pronouns,51.3324604,12.3405702,2023-06-20 00:00:32
38,female_pronouns,51.3324604,12.3405702,2023-06-20 00:00:32
38,male_pronouns,51.3324604,12.3405702,2023-06-20 00:00:32
40,female_pronouns,51.323202,12.387803316847169,2023-08-01 00:00:32
40,female_pronouns,51.323202,12.387803316847169,2023-08-01 00:00:32
41,female_pronouns,51.3361134,12.3266607,2023-09-01 00:00:32
42,female_pronouns,51.34609945,12.398499516274512,2023-07-15 00:00:32
42,female_pronouns,51.34609945,12.398499516274512,2023-07-15 00:00:32
42,female_pronouns,51.34609945,12.398499516274512,2023-07-15 00:00:32
42,female_pronouns,51.34609945,12.398499516274512,2023-07-15 00:00:32
42,female_pronouns,51.34609945,12.398499516274512,2023-07-15 00:00:32
42,female_pronouns,51.34609945,12.398499516274512,2023-07-15 00:00:32
43,female_pronouns,51.3468658,12.406077,2023-08-01 00:00:32
43,female_pronouns,51.3468658,12.406077,2023-08-01 00:00:32
43,female_pronouns,51.3468658,12.406077,2023-08-01 00:00:32
44,female_pronouns,51.3669149,12.371441856064436,2023-06-15 00:00:32
45,female_pronouns,51.3549649,12.3973642,2023-08-01 00:00:32
46,male_pronouns,51.3238564,12.4164194,2023-07-01 00:00:32
46,neutral_pronouns,51.3238564,12.4164194,2023-07-01 00:00:32
47,female_pronouns,51.3257788,12.3274176,2023-06-15 00:00:32
47,female_pronouns,51.3257788,12.3274176,2023-06-15 00:00:32
47,female_pronouns,51.3257788,12.3274176,2023-06-15 00:00:32
47,female_pronouns,51.3257788,12.3274176,2023-06-15 00:00:32
47,female_pronouns,51.3257788,12.3274176,2023-06-15 00:00:32
48,female_pronouns,51.3396749,12.3264684,2023-09-24 00:00:32
50,female_pronouns,51.3436229,12.42391295074555,2023-07-01 00:00:32
50,female_pronouns,51.3436229,12.42391295074555,2023-07-01 00:00:32
50,female_pronouns,51.3436229,12.42391295074555,2023-07-01 00:00:32
50,female_pronouns,51.3436229,12.42391295074555,2023-07-01 00:00:32
50,female_pronouns,51.3436229,12.42391295074555,2023-07-01 00:00:32
50,female_pronouns,51.3436229,12.42391295074555,2023-07-01 00:00:32
50,female_pronouns,51.3436229,12.42391295074555,2023-07-01 00:00:32
50,female_pronouns,51.3436229,12.42391295074555,2023-07-01 00:00:32
51,female_pronouns,51.31272605,12.306705593898212,2023-06-15 00:00:32
51,male_pronouns,51.31272605,12.306705593898212,2023-06-15 00:00:32
51,male_pronouns,51.31272605,12.306705593898212,2023-06-15 00:00:32
51,male_pronouns,51.31272605,12.306705593898212,2023-06-15 00:00:32
52,female_pronouns,51.3340641,12.3874883,2023-06-16 00:00:32
54,female_pronouns,51.3380693,12.3707378,2023-06-13 00:00:32
54,female_pronouns,51.3380693,12.3707378,2023-06-13 00:00:32
54,male_pronouns,51.3380693,12.3707378,2023-06-13 00:00:32
54,male_pronouns,51.3380693,12.3707378,2023-06-13 00:00:32
54,male_pronouns,51.3380693,12.3707378,2023-06-13 00:00:32
56,female_pronouns,51.3419516,12.4055018,2023-08-01 00:00:32
56,male_pronouns,51.3419516,12.4055018,2023-08-01 00:00:32
56,male_pronouns,51.3419516,12.4055018,2023-08-01 00:00:32
56,male_pronouns,51.3419516,12.4055018,2023-08-01 00:00:32
57,female_pronouns,51.3167849,12.3736952,2023-07-15 00:00:32
59,female_pronouns,51.33102345,12.40621309246647,2023-09-01 00:00:32
59,female_pronouns,51.33102345,12.40621309246647,2023-09-01 00:00:32
59,female_pronouns,51.33102345,12.40621309246647,2023-09-01 00:00:32
60,female_pronouns,51.367429,12.378936333221406,2023-07-01 00:00:32
60,male_pronouns,51.367429,12.378936333221406,2023-07-01 00:00:32
60,male_pronouns,51.367429,12.378936333221406,2023-07-01 00:00:32
61,female_pronouns,51.31725965,12.38130405,2023-07-15 00:00:32
61,female_pronouns,51.31725965,12.38130405,2023-07-15 00:00:32
61,female_pronouns,51.31725965,12.38130405,2023-07-15 00:00:32
64,female_pronouns,51.33128555,12.405281078497936,2023-07-01 00:00:32
64,male_pronouns,51.33128555,12.405281078497936,2023-07-01 00:00:32
64,male_pronouns,51.33128555,12.405281078497936,2023-07-01 00:00:32
64,male_pronouns,51.33128555,12.405281078497936,2023-07-01 00:00:32
65,female_pronouns,51.3351781,12.357336202097295,2023-09-21 00:00:32
65,female_pronouns,51.3351781,12.357336202097295,2023-09-21 00:00:32
65,female_pronouns,51.3351781,12.357336202097295,2023-09-21 00:00:32
65,female_pronouns,51.3351781,12.357336202097295,2023-09-21 00:00:32
65,female_pronouns,51.3351781,12.357336202097295,2023-09-21 00:00:32
65,female_pronouns,51.3351781,12.357336202097295,2023-09-21 00:00:32
65,female_pronouns,51.3351781,12.357336202097295,2023-09-21 00:00:32
65,female_pronouns,51.3351781,12.357336202097295,2023-09-21 00:00:32
65,female_pronouns,51.3351781,12.357336202097295,2023-09-21 00:00:32
65,male_pronouns,51.3351781,12.357336202097295,2023-09-21 00:00:32
65,male_pronouns,51.3351781,12.357336202097295,2023-09-21 00:00:32
65,male_pronouns,51.3351781,12.357336202097295,2023-09-21 00:00:32
65,male_pronouns,51.3351781,12.357336202097295,2023-09-21 00:00:32
65,male_pronouns,51.3351781,12.357336202097295,2023-09-21 00:00:32
65,male_pronouns,51.3351781,12.357336202097295,2023-09-21 00:00:32
65,male_pronouns,51.3351781,12.357336202097295,2023-09-21 00:00:32
68,female_pronouns,51.3452507,12.4142947,2023-07-01 00:00:32
69,female_pronouns,51.3294441,12.3989063,2023-08-01 00:00:32
69,male_pronouns,51.3294441,12.3989063,2023-08-01 00:00:32
70,male_pronouns,51.3277406,12.332987931409864,2023-07-01 00:00:32
70,male_pronouns,51.3277406,12.332987931409864,2023-07-01 00:00:32
77,female_pronouns,51.3208141,12.3715156,2023-08-20 00:00:32
77,female_pronouns,51.3208141,12.3715156,2023-08-20 00:00:32
77,female_pronouns,51.3208141,12.3715156,2023-08-20 00:00:32
77,female_pronouns,51.3208141,12.3715156,2023-08-20 00:00:32
77,male_pronouns,51.3208141,12.3715156,2023-08-20 00:00:32
77,male_pronouns,51.3208141,12.3715156,2023-08-20 00:00:32
77,male_pronouns,51.3208141,12.3715156,2023-08-20 00:00:32
77,male_pronouns,51.3208141,12.3715156,2023-08-20 00:00:32
80,female_pronouns,51.3215052,12.371471639898882,2023-08-05 00:00:32
80,female_pronouns,51.3215052,12.371471639898882,2023-08-05 00:00:32
80,female_pronouns,51.3215052,12.371471639898882,2023-08-05 00:00:32
80,male_pronouns,51.3215052,12.371471639898882,2023-08-05 00:00:32
80,male_pronouns,51.3215052,12.371471639898882,2023-08-05 00:00:32
80,male_pronouns,51.3215052,12.371471639898882,2023-08-05 00:00:32
80,male_pronouns,51.3215052,12.371471639898882,2023-08-05 00:00:32
80,male_pronouns,51.3215052,12.371471639898882,2023-08-05 00:00:32
81,neutral_pronouns,51.3264943,12.336609477719364,2023-06-13 00:00:32
82,female_pronouns,51.3034347,12.3828255,2023-08-01 00:00:32
82,female_pronouns,51.3034347,12.3828255,2023-08-01 00:00:32
82,female_pronouns,51.3034347,12.3828255,2023-08-01 00:00:32
82,female_pronouns,51.3034347,12.3828255,2023-08-01 00:00:32
82,female_pronouns,51.3034347,12.3828255,2023-08-01 00:00:32
82,female_pronouns,51.3034347,12.3828255,2023-08-01 00:00:32
82,female_pronouns,51.3034347,12.3828255,2023-08-01 00:00:32
82,female_pronouns,51.3034347,12.3828255,2023-08-01 00:00:32
82,female_pronouns,51.3034347,12.3828255,2023-08-01 00:00:32
82,male_pronouns,51.3034347,12.3828255,2023-08-01 00:00:32
82,male_pronouns,51.3034347,12.3828255,2023-08-01 00:00:32
82,male_pronouns,51.3034347,12.3828255,2023-08-01 00:00:32
82,male_pronouns,51.3034347,12.3828255,2023-08-01 00:00:32
82,male_pronouns,51.3034347,12.3828255,2023-08-01 00:00:32
82,male_pronouns,51.3034347,12.3828255,2023-08-01 00:00:32
82,male_pronouns,51.3034347,12.3828255,2023-08-01 00:00:32
84,female_pronouns,51.3193282,12.3352649,2023-06-15 00:00:32
84,female_pronouns,51.3193282,12.3352649,2023-06-15 00:00:32
84,female_pronouns,51.3193282,12.3352649,2023-06-15 00:00:32
84,female_pronouns,51.3193282,12.3352649,2023-06-15 00:00:32
84,female_pronouns,51.3193282,12.3352649,2023-06-15 00:00:32
84,female_pronouns,51.3193282,12.3352649,2023-06-15 00:00:32
84,female_pronouns,51.3193282,12.3352649,2023-06-15 00:00:32
84,female_pronouns,51.3193282,12.3352649,2023-06-15 00:00:32
84,female_pronouns,51.3193282,12.3352649,2023-06-15 00:00:32
84,female_pronouns,51.3193282,12.3352649,2023-06-15 00:00:32
84,female_pronouns,51.3193282,12.3352649,2023-06-15 00:00:32
84,female_pronouns,51.3193282,12.3352649,2023-06-15 00:00:32
84,female_pronouns,51.3193282,12.3352649,2023-06-15 00:00:32
84,female_pronouns,51.3193282,12.3352649,2023-06-15 00:00:32
84,male_pronouns,51.3193282,12.3352649,2023-06-15 00:00:32
85,female_pronouns,51.3281994,12.3382998,2023-07-01 00:00:32
87,female_pronouns,51.3437162,12.356865957937089,2023-07-15 00:00:32
87,female_pronouns,51.3437162,12.356865957937089,2023-07-15 00:00:32
87,female_pronouns,51.3437162,12.356865957937089,2023-07-15 00:00:32
87,female_pronouns,51.3437162,12.356865957937089,2023-07-15 00:00:32
87,female_pronouns,51.3437162,12.356865957937089,2023-07-15 00:00:32
87,female_pronouns,51.3437162,12.356865957937089,2023-07-15 00:00:32
87,female_pronouns,51.3437162,12.356865957937089,2023-07-15 00:00:32
87,male_pronouns,51.3437162,12.356865957937089,2023-07-15 00:00:32
87,male_pronouns,51.3437162,12.356865957937089,2023-07-15 00:00:32
88,female_pronouns,51.3334802,12.3851115,2023-08-01 00:00:32
88,female_pronouns,51.3334802,12.3851115,2023-08-01 00:00:32
89,female_pronouns,51.3331368,12.39595312876382,2023-07-01 00:00:32
89,female_pronouns,51.3331368,12.39595312876382,2023-07-01 00:00:32
89,female_pronouns,51.3331368,12.39595312876382,2023-07-01 00:00:32
91,female_pronouns,51.3331519,12.4027062,2023-08-01 00:00:32
91,male_pronouns,51.3331519,12.4027062,2023-08-01 00:00:32
91,male_pronouns,51.3331519,12.4027062,2023-08-01 00:00:32
92,female_pronouns,51.3308858,12.3436982,2023-08-10 00:00:32
92,female_pronouns,51.3308858,12.3436982,2023-08-10 00:00:32
93,female_pronouns,51.3293472,12.3260634,2023-07-01 00:00:32
93,female_pronouns,51.3293472,12.3260634,2023-07-01 00:00:32
93,male_pronouns,51.3293472,12.3260634,2023-07-01 00:00:32
94,female_pronouns,51.3296222,12.4044211,2023-10-01 00:00:32
94,female_pronouns,51.3296222,12.4044211,2023-10-01 00:00:32
94,male_pronouns,51.3296222,12.4044211,2023-10-01 00:00:32
95,female_pronouns,51.33437785,12.331411123587143,2023-07-01 00:00:32
95,neutral_pronouns,51.33437785,12.331411123587143,2023-07-01 00:00:32
96,female_pronouns,51.3495788,12.3723602,2023-07-01 00:00:32
96,male_pronouns,51.3495788,12.3723602,2023-07-01 00:00:32
96,male_pronouns,51.3495788,12.3723602,2023-07-01 00:00:32
98,female_pronouns,51.3169332,12.3705881,2023-06-24 00:00:32
98,female_pronouns,51.3169332,12.3705881,2023-06-24 00:00:32
99,female_pronouns,51.3355846,12.3981399,2023-07-01 00:00:32
99,female_pronouns,51.3355846,12.3981399,2023-07-01 00:00:32
99,female_pronouns,51.3355846,12.3981399,2023-07-01 00:00:32
99,male_pronouns,51.3355846,12.3981399,2023-07-01 00:00:32
100,female_pronouns,51.33128555,12.405281078497936,2023-07-17 00:00:32
101,female_pronouns,51.3319993,12.3152592,2023-08-12 00:00:32
102,female_pronouns,51.3353727,12.3577823,2023-06-12 00:00:32
104,female_pronouns,51.3459017,12.355583217706558,2023-08-01 00:00:32
104,female_pronouns,51.3459017,12.355583217706558,2023-08-01 00:00:32
105,male_pronouns,51.3398342,12.4022715,2023-06-12 00:00:32
109,female_pronouns,51.3306036,12.374163186204282,2023-09-01 00:00:32
109,female_pronouns,51.3306036,12.374163186204282,2023-09-01 00:00:32
109,male_pronouns,51.3306036,12.374163186204282,2023-09-01 00:00:32
111,female_pronouns,51.3326814,12.331194434426658,2023-07-01 00:00:32
114,female_pronouns,51.37038995,12.336403438867723,2023-07-01 00:00:32
114,female_pronouns,51.37038995,12.336403438867723,2023-07-01 00:00:32
114,female_pronouns,51.37038995,12.336403438867723,2023-07-01 00:00:32
114,female_pronouns,51.37038995,12.336403438867723,2023-07-01 00:00:32
114,female_pronouns,51.37038995,12.336403438867723,2023-07-01 00:00:32
114,female_pronouns,51.37038995,12.336403438867723,2023-07-01 00:00:32
114,female_pronouns,51.37038995,12.336403438867723,2023-07-01 00:00:32
114,female_pronouns,51.37038995,12.336403438867723,2023-07-01 00:00:32
114,female_pronouns,51.37038995,12.336403438867723,2023-07-01 00:00:32
114,female_pronouns,51.37038995,12.336403438867723,2023-07-01 00:00:32
114,female_pronouns,51.37038995,12.336403438867723,2023-07-01 00:00:32
114,female_pronouns,51.37038995,12.336403438867723,2023-07-01 00:00:32
114,female_pronouns,51.37038995,12.336403438867723,2023-07-01 00:00:32
114,female_pronouns,51.37038995,12.336403438867723,2023-07-01 00:00:32
114,female_pronouns,51.37038995,12.336403438867723,2023-07-01 00:00:32
115,female_pronouns,51.3439432,12.4200399,2023-06-19 00:00:32
116,female_pronouns,51.3438918,12.4202738,2023-06-19 00:00:32
117,female_pronouns,51.3356929,12.4079782,2023-10-01 00:00:32
117,female_pronouns,51.3356929,12.4079782,2023-10-01 00:00:32
117,female_pronouns,51.3356929,12.4079782,2023-10-01 00:00:32
119,female_pronouns,51.3596971,12.3601575,2023-06-28 00:00:32
119,female_pronouns,51.3596971,12.3601575,2023-06-28 00:00:32
119,female_pronouns,51.3596971,12.3601575,2023-06-28 00:00:32
119,female_pronouns,51.3596971,12.3601575,2023-06-28 00:00:32
119,female_pronouns,51.3596971,12.3601575,2023-06-28 00:00:32
119,female_pronouns,51.3596971,12.3601575,2023-06-28 00:00:32
119,female_pronouns,51.3596971,12.3601575,2023-06-28 00:00:32
119,male_pronouns,51.3596971,12.3601575,2023-06-28 00:00:32
119,male_pronouns,51.3596971,12.3601575,2023-06-28 00:00:32
119,male_pronouns,51.3596971,12.3601575,2023-06-28 00:00:32
119,male_pronouns,51.3596971,12.3601575,2023-06-28 00:00:32
119,male_pronouns,51.3596971,12.3601575,2023-06-28 00:00:32
119,neutral_pronouns,51.3596971,12.3601575,2023-06-28 00:00:32
120,female_pronouns,51.343932,12.3961324,2023-07-15 00:00:32
121,female_pronouns,51.3307823,12.3350423,2023-07-15 00:00:32
122,female_pronouns,51.36371055,12.38623236047584,2023-07-01 00:00:32
122,female_pronouns,51.36371055,12.38623236047584,2023-07-01 00:00:32
122,female_pronouns,51.36371055,12.38623236047584,2023-07-01 00:00:32
122,female_pronouns,51.36371055,12.38623236047584,2023-07-01 00:00:32
122,female_pronouns,51.36371055,12.38623236047584,2023-07-01 00:00:32
122,female_pronouns,51.36371055,12.38623236047584,2023-07-01 00:00:32
122,female_pronouns,51.36371055,12.38623236047584,2023-07-01 00:00:32
122,female_pronouns,51.36371055,12.38623236047584,2023-07-01 00:00:32
123,female_pronouns,51.34407045,12.403435321472916,2023-07-01 00:00:32
124,female_pronouns,51.362773,12.3640288,2023-09-01 00:00:32
124,female_pronouns,51.362773,12.3640288,2023-09-01 00:00:32
124,male_pronouns,51.362773,12.3640288,2023-09-01 00:00:32
124,male_pronouns,51.362773,12.3640288,2023-09-01 00:00:32
124,male_pronouns,51.362773,12.3640288,2023-09-01 00:00:32
124,neutral_pronouns,51.362773,12.3640288,2023-09-01 00:00:32
125,female_pronouns,51.3137847,12.322089432818732,2023-09-04 00:00:32
125,female_pronouns,51.3137847,12.322089432818732,2023-09-04 00:00:32
125,female_pronouns,51.3137847,12.322089432818732,2023-09-04 00:00:32
125,female_pronouns,51.3137847,12.322089432818732,2023-09-04 00:00:32
125,female_pronouns,51.3137847,12.322089432818732,2023-09-04 00:00:32
125,female_pronouns,51.3137847,12.322089432818732,2023-09-04 00:00:32
125,male_pronouns,51.3137847,12.322089432818732,2023-09-04 00:00:32
125,male_pronouns,51.3137847,12.322089432818732,2023-09-04 00:00:32
125,male_pronouns,51.3137847,12.322089432818732,2023-09-04 00:00:32
125,male_pronouns,51.3137847,12.322089432818732,2023-09-04 00:00:32
126,female_pronouns,51.2852843,12.37289257869497,2023-08-01 00:00:32
126,female_pronouns,51.2852843,12.37289257869497,2023-08-01 00:00:32
126,female_pronouns,51.2852843,12.37289257869497,2023-08-01 00:00:32
126,female_pronouns,51.2852843,12.37289257869497,2023-08-01 00:00:32
126,male_pronouns,51.2852843,12.37289257869497,2023-08-01 00:00:32
128,male_pronouns,51.30452635,12.380560058044184,2023-07-01 00:00:32
129,female_pronouns,51.3349678,12.3305595,2023-07-10 00:00:32
129,female_pronouns,51.3349678,12.3305595,2023-07-10 00:00:32
129,female_pronouns,51.3349678,12.3305595,2023-07-10 00:00:32
129,male_pronouns,51.3349678,12.3305595,2023-07-10 00:00:32
129,male_pronouns,51.3349678,12.3305595,2023-07-10 00:00:32
130,female_pronouns,51.362773,12.3640288,2023-07-01 00:00:32
130,female_pronouns,51.362773,12.3640288,2023-07-01 00:00:32
130,male_pronouns,51.362773,12.3640288,2023-07-01 00:00:32
130,male_pronouns,51.362773,12.3640288,2023-07-01 00:00:32
130,male_pronouns,51.362773,12.3640288,2023-07-01 00:00:32
130,male_pronouns,51.362773,12.3640288,2023-07-01 00:00:32
131,female_pronouns,51.32690435,12.34460597231866,2023-07-01 00:00:32
132,female_pronouns,51.313726,12.323652,2023-06-30 00:00:32
132,male_pronouns,51.313726,12.323652,2023-06-30 00:00:32
132,male_pronouns,51.313726,12.323652,2023-06-30 00:00:32
133,female_pronouns,51.3231237,12.3773755,2023-09-01 00:00:32
133,female_pronouns,51.3231237,12.3773755,2023-09-01 00:00:32
133,female_pronouns,51.3231237,12.3773755,2023-09-01 00:00:32
133,male_pronouns,51.3231237,12.3773755,2023-09-01 00:00:32
133,male_pronouns,51.3231237,12.3773755,2023-09-01 00:00:32
135,female_pronouns,51.33773475,12.341142339624724,2023-08-01 00:00:32
135,female_pronouns,51.33773475,12.341142339624724,2023-08-01 00:00:32
136,female_pronouns,51.32813485,12.37734605,2023-08-01 00:00:32
136,male_pronouns,51.32813485,12.37734605,2023-08-01 00:00:32
140,female_pronouns,51.3207215,12.34224,2023-06-15 00:00:32
140,female_pronouns,51.3207215,12.34224,2023-06-15 00:00:32
140,female_pronouns,51.3207215,12.34224,2023-06-15 00:00:32
140,female_pronouns,51.3207215,12.34224,2023-06-15 00:00:32
140,female_pronouns,51.3207215,12.34224,2023-06-15 00:00:32
141,male_pronouns,51.3149595,12.3780717,2023-08-15 00:00:32
142,female_pronouns,51.3086037,12.381482,2023-08-21 00:00:32
142,female_pronouns,51.3086037,12.381482,2023-08-21 00:00:32
142,female_pronouns,51.3086037,12.381482,2023-08-21 00:00:32
142,female_pronouns,51.3086037,12.381482,2023-08-21 00:00:32
142,female_pronouns,51.3086037,12.381482,2023-08-21 00:00:32
142,male_pronouns,51.3086037,12.381482,2023-08-21 00:00:32
143,female_pronouns,51.3337478,12.4157852,2023-06-12 00:00:32
143,female_pronouns,51.3337478,12.4157852,2023-06-12 00:00:32
144,female_pronouns,51.32930685,12.334985201455597,2023-08-08 00:00:32
144,male_pronouns,51.32930685,12.334985201455597,2023-08-08 00:00:32
145,female_pronouns,51.3466317,12.408243306088044,2023-07-13 00:00:32
145,female_pronouns,51.3466317,12.408243306088044,2023-07-13 00:00:32
145,female_pronouns,51.3466317,12.408243306088044,2023-07-13 00:00:32
145,male_pronouns,51.3466317,12.408243306088044,2023-07-13 00:00:32
146,female_pronouns,51.3233339,12.343239,2023-07-15 00:00:32
146,female_pronouns,51.3233339,12.343239,2023-07-15 00:00:32
148,female_pronouns,51.32929765,12.3737267,2023-08-11 00:00:32
148,female_pronouns,51.32929765,12.3737267,2023-08-11 00:00:32
148,male_pronouns,51.32929765,12.3737267,2023-08-11 00:00:32
150,female_pronouns,51.3468658,12.406077,2023-07-01 00:00:32
152,female_pronouns,51.3344482,12.4067186,2023-06-12 00:00:32
152,female_pronouns,51.3344482,12.4067186,2023-06-12 00:00:32
152,female_pronouns,51.3344482,12.4067186,2023-06-12 00:00:32
152,female_pronouns,51.3344482,12.4067186,2023-06-12 00:00:32
152,female_pronouns,51.3344482,12.4067186,2023-06-12 00:00:32
152,female_pronouns,51.3344482,12.4067186,2023-06-12 00:00:32
153,female_pronouns,51.3148407,12.3714849,2023-10-01 00:00:32
153,female_pronouns,51.3148407,12.3714849,2023-10-01 00:00:32
153,female_pronouns,51.3148407,12.3714849,2023-10-01 00:00:32
153,female_pronouns,51.3148407,12.3714849,2023-10-01 00:00:32
154,female_pronouns,51.3468658,12.406077,2023-09-15 00:00:32
154,female_pronouns,51.3468658,12.406077,2023-09-15 00:00:32
154,female_pronouns,51.3468658,12.406077,2023-09-15 00:00:32
155,female_pronouns,51.3318509,12.3360828,2023-07-01 00:00:32
155,female_pronouns,51.3318509,12.3360828,2023-07-01 00:00:32
155,female_pronouns,51.3318509,12.3360828,2023-07-01 00:00:32
155,female_pronouns,51.3318509,12.3360828,2023-07-01 00:00:32
155,male_pronouns,51.3318509,12.3360828,2023-07-01 00:00:32
155,male_pronouns,51.3318509,12.3360828,2023-07-01 00:00:32
156,female_pronouns,51.3251279,12.367259286868752,2023-08-01 00:00:32
156,female_pronouns,51.3251279,12.367259286868752,2023-08-01 00:00:32
156,female_pronouns,51.3251279,12.367259286868752,2023-08-01 00:00:32
156,female_pronouns,51.3251279,12.367259286868752,2023-08-01 00:00:32
156,male_pronouns,51.3251279,12.367259286868752,2023-08-01 00:00:32
156,male_pronouns,51.3251279,12.367259286868752,2023-08-01 00:00:32
157,female_pronouns,51.3032831,12.3804582,2023-07-01 00:00:32
157,female_pronouns,51.3032831,12.3804582,2023-07-01 00:00:32
157,female_pronouns,51.3032831,12.3804582,2023-07-01 00:00:32
157,female_pronouns,51.3032831,12.3804582,2023-07-01 00:00:32
157,female_pronouns,51.3032831,12.3804582,2023-07-01 00:00:32
157,female_pronouns,51.3032831,12.3804582,2023-07-01 00:00:32
157,male_pronouns,51.3032831,12.3804582,2023-07-01 00:00:32
157,male_pronouns,51.3032831,12.3804582,2023-07-01 00:00:32
157,male_pronouns,51.3032831,12.3804582,2023-07-01 00:00:32
157,male_pronouns,51.3032831,12.3804582,2023-07-01 00:00:32
159,female_pronouns,51.3655477,12.35733155222552,2023-07-01 00:00:32
160,male_pronouns,51.32953905,12.408428807257458,2023-08-01 00:00:32
160,male_pronouns,51.32953905,12.408428807257458,2023-08-01 00:00:32
161,female_pronouns,51.3447574,12.357914,2023-08-01 00:00:32
161,male_pronouns,51.3447574,12.357914,2023-08-01 00:00:32
161,male_pronouns,51.3447574,12.357914,2023-08-01 00:00:32
164,female_pronouns,51.3487258,12.4363343,2023-07-17 00:00:32
164,male_pronouns,51.3487258,12.4363343,2023-07-17 00:00:32
165,female_pronouns,51.333239500000005,12.396758558252014,2023-06-14 00:00:32
165,male_pronouns,51.333239500000005,12.396758558252014,2023-06-14 00:00:32
165,male_pronouns,51.333239500000005,12.396758558252014,2023-06-14 00:00:32
165,male_pronouns,51.333239500000005,12.396758558252014,2023-06-14 00:00:32
165,male_pronouns,51.333239500000005,12.396758558252014,2023-06-14 00:00:32
165,male_pronouns,51.333239500000005,12.396758558252014,2023-06-14 00:00:32
165,male_pronouns,51.333239500000005,12.396758558252014,2023-06-14 00:00:32
165,male_pronouns,51.333239500000005,12.396758558252014,2023-06-14 00:00:32
165,male_pronouns,51.333239500000005,12.396758558252014,2023-06-14 00:00:32
166,female_pronouns,51.3294441,12.3989063,2023-11-15 00:00:32
166,female_pronouns,51.3294441,12.3989063,2023-11-15 00:00:32
168,female_pronouns,51.331819800000005,12.404925359162103,2023-07-15 00:00:32
168,female_pronouns,51.331819800000005,12.404925359162103,2023-07-15 00:00:32
168,female_pronouns,51.331819800000005,12.404925359162103,2023-07-15 00:00:32
168,male_pronouns,51.331819800000005,12.404925359162103,2023-07-15 00:00:32
168,male_pronouns,51.331819800000005,12.404925359162103,2023-07-15 00:00:32
168,male_pronouns,51.331819800000005,12.404925359162103,2023-07-15 00:00:32
168,male_pronouns,51.331819800000005,12.404925359162103,2023-07-15 00:00:32
169,female_pronouns,51.35628885,12.40889631052023,2023-08-01 00:00:32
169,female_pronouns,51.35628885,12.40889631052023,2023-08-01 00:00:32
169,female_pronouns,51.35628885,12.40889631052023,2023-08-01 00:00:32
169,male_pronouns,51.35628885,12.40889631052023,2023-08-01 00:00:32
170,female_pronouns,51.338636,12.3352698,2023-08-23 00:00:32
170,female_pronouns,51.338636,12.3352698,2023-08-23 00:00:32
170,female_pronouns,51.338636,12.3352698,2023-08-23 00:00:32
170,female_pronouns,51.338636,12.3352698,2023-08-23 00:00:32
170,female_pronouns,51.338636,12.3352698,2023-08-23 00:00:32
170,female_pronouns,51.338636,12.3352698,2023-08-23 00:00:32
170,female_pronouns,51.338636,12.3352698,2023-08-23 00:00:32
170,female_pronouns,51.338636,12.3352698,2023-08-23 00:00:32
170,male_pronouns,51.338636,12.3352698,2023-08-23 00:00:32
170,male_pronouns,51.338636,12.3352698,2023-08-23 00:00:32
172,female_pronouns,51.3166518,12.3756859,2023-07-01 00:00:32
172,female_pronouns,51.3166518,12.3756859,2023-07-01 00:00:32
172,female_pronouns,51.3166518,12.3756859,2023-07-01 00:00:32
172,female_pronouns,51.3166518,12.3756859,2023-07-01 00:00:32
172,female_pronouns,51.3166518,12.3756859,2023-07-01 00:00:32
172,male_pronouns,51.3166518,12.3756859,2023-07-01 00:00:32
172,male_pronouns,51.3166518,12.3756859,2023-07-01 00:00:32
172,male_pronouns,51.3166518,12.3756859,2023-07-01 00:00:32
172,male_pronouns,51.3166518,12.3756859,2023-07-01 00:00:32
172,male_pronouns,51.3166518,12.3756859,2023-07-01 00:00:32
174,male_pronouns,51.3361747,12.3836798,2023-07-01 00:00:32
174,male_pronouns,51.3361747,12.3836798,2023-07-01 00:00:32
176,female_pronouns,51.3552115,12.3686684,2023-08-01 00:00:32
176,female_pronouns,51.3552115,12.3686684,2023-08-01 00:00:32
176,female_pronouns,51.3552115,12.3686684,2023-08-01 00:00:32
176,female_pronouns,51.3552115,12.3686684,2023-08-01 00:00:32
176,female_pronouns,51.3552115,12.3686684,2023-08-01 00:00:32
176,female_pronouns,51.3552115,12.3686684,2023-08-01 00:00:32
176,female_pronouns,51.3552115,12.3686684,2023-08-01 00:00:32
176,female_pronouns,51.3552115,12.3686684,2023-08-01 00:00:32
176,female_pronouns,51.3552115,12.3686684,2023-08-01 00:00:32
176,male_pronouns,51.3552115,12.3686684,2023-08-01 00:00:32
177,female_pronouns,51.3106452,12.379351251130805,2023-10-01 00:00:32
177,female_pronouns,51.3106452,12.379351251130805,2023-10-01 00:00:32
179,female_pronouns,51.364060300000006,12.35937509445438,2023-07-26 00:00:32
179,female_pronouns,51.364060300000006,12.35937509445438,2023-07-26 00:00:32
179,female_pronouns,51.364060300000006,12.35937509445438,2023-07-26 00:00:32
179,female_pronouns,51.364060300000006,12.35937509445438,2023-07-26 00:00:32
180,female_pronouns,51.3681646,12.372966854989276,2023-06-08 00:00:32
181,female_pronouns,51.3410594,12.4104463,2023-07-01 00:00:32
181,female_pronouns,51.3410594,12.4104463,2023-07-01 00:00:32
181,female_pronouns,51.3410594,12.4104463,2023-07-01 00:00:32
184,female_pronouns,51.32992865,12.372715706441312,2023-09-01 00:00:32
184,female_pronouns,51.32992865,12.372715706441312,2023-09-01 00:00:32
184,male_pronouns,51.32992865,12.372715706441312,2023-09-01 00:00:32
185,female_pronouns,51.3396869,12.4023557,2023-08-14 00:00:32
185,male_pronouns,51.3396869,12.4023557,2023-08-14 00:00:32
185,male_pronouns,51.3396869,12.4023557,2023-08-14 00:00:32
187,female_pronouns,51.3323105,12.3984204,2023-07-01 00:00:32
187,female_pronouns,51.3323105,12.3984204,2023-07-01 00:00:32
187,female_pronouns,51.3323105,12.3984204,2023-07-01 00:00:32
187,female_pronouns,51.3323105,12.3984204,2023-07-01 00:00:32
187,female_pronouns,51.3323105,12.3984204,2023-07-01 00:00:32
187,female_pronouns,51.3323105,12.3984204,2023-07-01 00:00:32
187,female_pronouns,51.3323105,12.3984204,2023-07-01 00:00:32
187,male_pronouns,51.3323105,12.3984204,2023-07-01 00:00:32
187,male_pronouns,51.3323105,12.3984204,2023-07-01 00:00:32
188,female_pronouns,51.3338642,12.40478326501554,2023-06-07 00:00:32
190,female_pronouns,51.3094301,12.372314500793436,2023-07-01 00:00:32
191,female_pronouns,51.3286433,12.3863155,2023-09-01 00:00:32
191,female_pronouns,51.3286433,12.3863155,2023-09-01 00:00:32
192,female_pronouns,51.3323514,12.4022873,2023-07-01 00:00:32
192,female_pronouns,51.3323514,12.4022873,2023-07-01 00:00:32
192,male_pronouns,51.3323514,12.4022873,2023-07-01 00:00:32
193,female_pronouns,51.3395491,12.4063357,2023-06-07 00:00:32
193,female_pronouns,51.3395491,12.4063357,2023-06-07 00:00:32
193,male_pronouns,51.3395491,12.4063357,2023-06-07 00:00:32
194,female_pronouns,51.36515415,12.357856723175336,2023-08-07 00:00:32
194,female_pronouns,51.36515415,12.357856723175336,2023-08-07 00:00:32
194,female_pronouns,51.36515415,12.357856723175336,2023-08-07 00:00:32
195,female_pronouns,51.3350494,12.4099702,2023-06-21 00:00:32
195,female_pronouns,51.3350494,12.4099702,2023-06-21 00:00:32
196,female_pronouns,51.33697635,12.326219612833548,2023-07-10 00:00:32
196,female_pronouns,51.33697635,12.326219612833548,2023-07-10 00:00:32
196,male_pronouns,51.33697635,12.326219612833548,2023-07-10 00:00:32
197,female_pronouns,51.3345128,12.401612564207658,2023-06-07 00:00:32
197,male_pronouns,51.3345128,12.401612564207658,2023-06-07 00:00:32
197,male_pronouns,51.3345128,12.401612564207658,2023-06-07 00:00:32
198,male_pronouns,51.3672883,12.3700692,2023-06-07 00:00:32
199,female_pronouns,51.32452595,12.343042759464849,2023-07-15 00:00:32
199,female_pronouns,51.32452595,12.343042759464849,2023-07-15 00:00:32
199,female_pronouns,51.32452595,12.343042759464849,2023-07-15 00:00:32
199,female_pronouns,51.32452595,12.343042759464849,2023-07-15 00:00:32
199,female_pronouns,51.32452595,12.343042759464849,2023-07-15 00:00:32
201,female_pronouns,51.323202,12.387803316847169,2023-08-01 00:00:32
201,male_pronouns,51.323202,12.387803316847169,2023-08-01 00:00:32
201,male_pronouns,51.323202,12.387803316847169,2023-08-01 00:00:32
203,female_pronouns,51.3052548,12.3286367,2023-06-07 00:00:32
203,female_pronouns,51.3052548,12.3286367,2023-06-07 00:00:32
203,female_pronouns,51.3052548,12.3286367,2023-06-07 00:00:32
204,male_pronouns,51.332111,12.3728177,2023-07-01 00:00:32
204,male_pronouns,51.332111,12.3728177,2023-07-01 00:00:32
205,female_pronouns,51.335919,12.3995116,2023-06-15 00:00:32
205,female_pronouns,51.335919,12.3995116,2023-06-15 00:00:32
205,female_pronouns,51.335919,12.3995116,2023-06-15 00:00:32
205,female_pronouns,51.335919,12.3995116,2023-06-15 00:00:32
205,female_pronouns,51.335919,12.3995116,2023-06-15 00:00:32
205,female_pronouns,51.335919,12.3995116,2023-06-15 00:00:32
205,female_pronouns,51.335919,12.3995116,2023-06-15 00:00:32
205,male_pronouns,51.335919,12.3995116,2023-06-15 00:00:32
205,male_pronouns,51.335919,12.3995116,2023-06-15 00:00:32
206,male_pronouns,51.3432362,12.3668861,2023-08-28 00:00:32
207,female_pronouns,51.3414713,12.4278391,2023-07-01 00:00:32
207,female_pronouns,51.3414713,12.4278391,2023-07-01 00:00:32
207,male_pronouns,51.3414713,12.4278391,2023-07-01 00:00:32
207,male_pronouns,51.3414713,12.4278391,2023-07-01 00:00:32
208,female_pronouns,51.342734750000005,12.38773225,2023-07-01 00:00:32
208,female_pronouns,51.342734750000005,12.38773225,2023-07-01 00:00:32
208,female_pronouns,51.342734750000005,12.38773225,2023-07-01 00:00:32
208,male_pronouns,51.342734750000005,12.38773225,2023-07-01 00:00:32
208,male_pronouns,51.342734750000005,12.38773225,2023-07-01 00:00:32
209,female_pronouns,51.342734750000005,12.38773225,2023-06-07 00:00:32
209,female_pronouns,51.342734750000005,12.38773225,2023-06-07 00:00:32
209,male_pronouns,51.342734750000005,12.38773225,2023-06-07 00:00:32
209,male_pronouns,51.342734750000005,12.38773225,2023-06-07 00:00:32
209,male_pronouns,51.342734750000005,12.38773225,2023-06-07 00:00:32
209,male_pronouns,51.342734750000005,12.38773225,2023-06-07 00:00:32
210,female_pronouns,51.3205564,12.3741876,2023-04-09 00:00:32
210,female_pronouns,51.3205564,12.3741876,2023-04-09 00:00:32
212,female_pronouns,51.3325615,12.3815407,2023-10-01 00:00:32
212,female_pronouns,51.3325615,12.3815407,2023-10-01 00:00:32
212,male_pronouns,51.3325615,12.3815407,2023-10-01 00:00:32
213,male_pronouns,51.3233296,12.372887044490431,2023-07-01 00:00:32
213,neutral_pronouns,51.3233296,12.372887044490431,2023-07-01 00:00:32
214,female_pronouns,51.3361134,12.3266607,2023-07-01 00:00:32
214,female_pronouns,51.3361134,12.3266607,2023-07-01 00:00:32
214,female_pronouns,51.3361134,12.3266607,2023-07-01 00:00:32
214,female_pronouns,51.3361134,12.3266607,2023-07-01 00:00:32
214,female_pronouns,51.3361134,12.3266607,2023-07-01 00:00:32
214,female_pronouns,51.3361134,12.3266607,2023-07-01 00:00:32
214,male_pronouns,51.3361134,12.3266607,2023-07-01 00:00:32
214,male_pronouns,51.3361134,12.3266607,2023-07-01 00:00:32
214,male_pronouns,51.3361134,12.3266607,2023-07-01 00:00:32
214,male_pronouns,51.3361134,12.3266607,2023-07-01 00:00:32
214,male_pronouns,51.3361134,12.3266607,2023-07-01 00:00:32
214,male_pronouns,51.3361134,12.3266607,2023-07-01 00:00:32
214,male_pronouns,51.3361134,12.3266607,2023-07-01 00:00:32
214,male_pronouns,51.3361134,12.3266607,2023-07-01 00:00:32
214,male_pronouns,51.3361134,12.3266607,2023-07-01 00:00:32
214,male_pronouns,51.3361134,12.3266607,2023-07-01 00:00:32
215,male_pronouns,51.3269822,12.343845387111433,2023-06-15 00:00:32
215,male_pronouns,51.3269822,12.343845387111433,2023-06-15 00:00:32
216,female_pronouns,51.3205564,12.3741876,2023-06-07 00:00:32
216,male_pronouns,51.3205564,12.3741876,2023-06-07 00:00:32
219,female_pronouns,51.3642108,12.357872,2023-09-01 00:00:32
219,female_pronouns,51.3642108,12.357872,2023-09-01 00:00:32
219,female_pronouns,51.3642108,12.357872,2023-09-01 00:00:32
219,male_pronouns,51.3642108,12.357872,2023-09-01 00:00:32
220,female_pronouns,51.3389037,12.323057552348168,2023-06-07 00:00:32
224,female_pronouns,51.3275792,12.3903484,2023-08-01 00:00:32
224,female_pronouns,51.3275792,12.3903484,2023-08-01 00:00:32
224,female_pronouns,51.3275792,12.3903484,2023-08-01 00:00:32
224,neutral_pronouns,51.3275792,12.3903484,2023-08-01 00:00:32
226,male_pronouns,51.36164865,12.370078704412707,2023-05-09 00:00:32
226,male_pronouns,51.36164865,12.370078704412707,2023-05-09 00:00:32
227,female_pronouns,51.3335337,12.375246,2023-07-01 00:00:32
227,female_pronouns,51.3335337,12.375246,2023-07-01 00:00:32
227,female_pronouns,51.3335337,12.375246,2023-07-01 00:00:32
227,female_pronouns,51.3335337,12.375246,2023-07-01 00:00:32
227,female_pronouns,51.3335337,12.375246,2023-07-01 00:00:32
227,female_pronouns,51.3335337,12.375246,2023-07-01 00:00:32
227,male_pronouns,51.3335337,12.375246,2023-07-01 00:00:32
227,male_pronouns,51.3335337,12.375246,2023-07-01 00:00:32
227,male_pronouns,51.3335337,12.375246,2023-07-01 00:00:32
227,male_pronouns,51.3335337,12.375246,2023-07-01 00:00:32
227,male_pronouns,51.3335337,12.375246,2023-07-01 00:00:32
227,neutral_pronouns,51.3335337,12.375246,2023-07-01 00:00:32
228,female_pronouns,51.34603545,12.4001277611769,2023-10-01 00:00:32
228,female_pronouns,51.34603545,12.4001277611769,2023-10-01 00:00:32
228,female_pronouns,51.34603545,12.4001277611769,2023-10-01 00:00:32
228,female_pronouns,51.34603545,12.4001277611769,2023-10-01 00:00:32
228,female_pronouns,51.34603545,12.4001277611769,2023-10-01 00:00:32
228,female_pronouns,51.34603545,12.4001277611769,2023-10-01 00:00:32
228,male_pronouns,51.34603545,12.4001277611769,2023-10-01 00:00:32
228,male_pronouns,51.34603545,12.4001277611769,2023-10-01 00:00:32
228,male_pronouns,51.34603545,12.4001277611769,2023-10-01 00:00:32
228,male_pronouns,51.34603545,12.4001277611769,2023-10-01 00:00:32
228,male_pronouns,51.34603545,12.4001277611769,2023-10-01 00:00:32
229,female_pronouns,51.3399168,12.4053717,2023-08-01 00:00:32
229,female_pronouns,51.3399168,12.4053717,2023-08-01 00:00:32
229,male_pronouns,51.3399168,12.4053717,2023-08-01 00:00:32
229,male_pronouns,51.3399168,12.4053717,2023-08-01 00:00:32
229,male_pronouns,51.3399168,12.4053717,2023-08-01 00:00:32
230,female_pronouns,51.32528215,12.39023306861782,2023-07-01 00:00:32
230,male_pronouns,51.32528215,12.39023306861782,2023-07-01 00:00:32
231,female_pronouns,51.3352561,12.3999588,2023-05-01 00:00:32
231,female_pronouns,51.3352561,12.3999588,2023-05-01 00:00:32
231,male_pronouns,51.3352561,12.3999588,2023-05-01 00:00:32
232,male_pronouns,51.35320765,12.408919276765104,2023-06-04 00:00:32
234,female_pronouns,51.3411218,12.4118001,2023-06-15 00:00:32
235,female_pronouns,51.3747613,12.4123882,2023-06-04 00:00:32
235,male_pronouns,51.3747613,12.4123882,2023-06-04 00:00:32
236,female_pronouns,51.3275828,12.334882854148272,2023-07-01 00:00:32
237,neutral_pronouns,51.3462484,12.4033458,2023-09-01 00:00:32
239,female_pronouns,51.34159335,12.365768457191905,2023-07-01 00:00:32
240,female_pronouns,51.3076365,12.371737520147311,2023-07-17 00:00:32
240,male_pronouns,51.3076365,12.371737520147311,2023-07-17 00:00:32
240,male_pronouns,51.3076365,12.371737520147311,2023-07-17 00:00:32
241,female_pronouns,51.3379795,12.4136171,2023-06-04 00:00:32
241,female_pronouns,51.3379795,12.4136171,2023-06-04 00:00:32
242,female_pronouns,51.3354153,12.411264,2023-08-01 00:00:32
242,male_pronouns,51.3354153,12.411264,2023-08-01 00:00:32
243,male_pronouns,51.3209586,12.378652,2023-07-01 00:00:32
243,male_pronouns,51.3209586,12.378652,2023-07-01 00:00:32
243,male_pronouns,51.3209586,12.378652,2023-07-01 00:00:32
244,female_pronouns,51.3309591,12.374433868280182,2023-06-03 00:00:32
244,female_pronouns,51.3309591,12.374433868280182,2023-06-03 00:00:32
244,female_pronouns,51.3309591,12.374433868280182,2023-06-03 00:00:32
245,female_pronouns,51.3465055,12.4017872,2023-09-01 00:00:32
247,female_pronouns,51.3294441,12.3989063,2023-07-03 00:00:32
249,female_pronouns,51.3418959,12.3765946,2023-09-15 00:00:32
249,female_pronouns,51.3418959,12.3765946,2023-09-15 00:00:32
251,female_pronouns,51.3698614,12.3490115,2023-07-01 00:00:32
251,male_pronouns,51.3698614,12.3490115,2023-07-01 00:00:32
252,female_pronouns,51.3325615,12.3815407,2023-08-01 00:00:32
252,female_pronouns,51.3325615,12.3815407,2023-08-01 00:00:32
253,female_pronouns,51.3186727,12.3312864,2023-06-15 00:00:32
254,male_pronouns,51.3465854,12.359471,2023-07-01 00:00:32
254,male_pronouns,51.3465854,12.359471,2023-07-01 00:00:32
256,male_pronouns,51.3459685,12.4141338,2023-09-22 00:00:32
257,neutral_pronouns,51.3468225,12.3972448,2023-07-01 00:00:32
259,female_pronouns,51.3442361,12.4146734,2023-08-28 00:00:32
260,female_pronouns,51.3377352,12.3304096,2023-08-01 00:00:32
260,female_pronouns,51.3377352,12.3304096,2023-08-01 00:00:32
260,male_pronouns,51.3377352,12.3304096,2023-08-01 00:00:32
264,female_pronouns,51.3608897,12.362424925718972,2023-08-01 00:00:32
265,female_pronouns,51.3158651,12.37727145,2023-08-01 00:00:32
265,female_pronouns,51.3158651,12.37727145,2023-08-01 00:00:32
265,female_pronouns,51.3158651,12.37727145,2023-08-01 00:00:32
265,female_pronouns,51.3158651,12.37727145,2023-08-01 00:00:32
265,female_pronouns,51.3158651,12.37727145,2023-08-01 00:00:32
265,female_pronouns,51.3158651,12.37727145,2023-08-01 00:00:32
266,female_pronouns,51.3267378,12.326107100000002,2023-06-23 00:00:32
266,female_pronouns,51.3267378,12.326107100000002,2023-06-23 00:00:32
266,female_pronouns,51.3267378,12.326107100000002,2023-06-23 00:00:32
266,male_pronouns,51.3267378,12.326107100000002,2023-06-23 00:00:32
267,female_pronouns,51.3454611,12.4071941,2023-08-03 00:00:32
267,male_pronouns,51.3454611,12.4071941,2023-08-03 00:00:32
270,female_pronouns,51.3439918,12.3978491,2023-08-15 00:00:32
270,female_pronouns,51.3439918,12.3978491,2023-08-15 00:00:32
270,female_pronouns,51.3439918,12.3978491,2023-08-15 00:00:32
270,female_pronouns,51.3439918,12.3978491,2023-08-15 00:00:32
270,female_pronouns,51.3439918,12.3978491,2023-08-15 00:00:32
270,female_pronouns,51.3439918,12.3978491,2023-08-15 00:00:32
270,female_pronouns,51.3439918,12.3978491,2023-08-15 00:00:32
270,male_pronouns,51.3439918,12.3978491,2023-08-15 00:00:32
270,male_pronouns,51.3439918,12.3978491,2023-08-15 00:00:32
270,male_pronouns,51.3439918,12.3978491,2023-08-15 00:00:32
271,male_pronouns,51.3387492,12.4055098,2023-06-01 00:00:32
273,female_pronouns,51.3318663,12.3330209,2023-08-01 00:00:32
273,female_pronouns,51.3318663,12.3330209,2023-08-01 00:00:32
275,female_pronouns,51.3645815,12.354143,2023-05-31 00:00:32
275,female_pronouns,51.3645815,12.354143,2023-05-31 00:00:32
275,female_pronouns,51.3645815,12.354143,2023-05-31 00:00:32
275,male_pronouns,51.3645815,12.354143,2023-05-31 00:00:32
277,female_pronouns,51.32708045,12.377472873727456,2023-06-01 00:00:32
277,female_pronouns,51.32708045,12.377472873727456,2023-06-01 00:00:32
277,female_pronouns,51.32708045,12.377472873727456,2023-06-01 00:00:32
277,female_pronouns,51.32708045,12.377472873727456,2023-06-01 00:00:32
277,female_pronouns,51.32708045,12.377472873727456,2023-06-01 00:00:32
277,female_pronouns,51.32708045,12.377472873727456,2023-06-01 00:00:32
277,female_pronouns,51.32708045,12.377472873727456,2023-06-01 00:00:32
278,female_pronouns,51.3470626,12.4063251,2023-07-01 00:00:32
278,female_pronouns,51.3470626,12.4063251,2023-07-01 00:00:32
278,female_pronouns,51.3470626,12.4063251,2023-07-01 00:00:32
278,female_pronouns,51.3470626,12.4063251,2023-07-01 00:00:32
278,female_pronouns,51.3470626,12.4063251,2023-07-01 00:00:32
279,female_pronouns,51.3762407,12.3615308,2023-09-01 00:00:32
279,female_pronouns,51.3762407,12.3615308,2023-09-01 00:00:32
279,male_pronouns,51.3762407,12.3615308,2023-09-01 00:00:32
280,female_pronouns,51.3327912,12.415740886827322,2023-06-04 00:00:32
280,female_pronouns,51.3327912,12.415740886827322,2023-06-04 00:00:32
281,female_pronouns,51.33320725,12.322791305266565,2023-06-01 00:00:32
281,female_pronouns,51.33320725,12.322791305266565,2023-06-01 00:00:32
281,female_pronouns,51.33320725,12.322791305266565,2023-06-01 00:00:32
281,female_pronouns,51.33320725,12.322791305266565,2023-06-01 00:00:32
281,female_pronouns,51.33320725,12.322791305266565,2023-06-01 00:00:32
281,female_pronouns,51.33320725,12.322791305266565,2023-06-01 00:00:32
281,female_pronouns,51.33320725,12.322791305266565,2023-06-01 00:00:32
281,female_pronouns,51.33320725,12.322791305266565,2023-06-01 00:00:32
281,female_pronouns,51.33320725,12.322791305266565,2023-06-01 00:00:32
281,female_pronouns,51.33320725,12.322791305266565,2023-06-01 00:00:32
281,male_pronouns,51.33320725,12.322791305266565,2023-06-01 00:00:32
283,female_pronouns,51.3339305,12.39687305993814,2023-07-01 00:00:32
283,female_pronouns,51.3339305,12.39687305993814,2023-07-01 00:00:32
284,female_pronouns,51.3339305,12.39687305993814,2023-07-01 00:00:32
284,female_pronouns,51.3339305,12.39687305993814,2023-07-01 00:00:32
285,female_pronouns,51.3323514,12.4022873,2023-08-01 00:00:32
285,female_pronouns,51.3323514,12.4022873,2023-08-01 00:00:32
285,female_pronouns,51.3323514,12.4022873,2023-08-01 00:00:32
285,female_pronouns,51.3323514,12.4022873,2023-08-01 00:00:32
285,male_pronouns,51.3323514,12.4022873,2023-08-01 00:00:32
285,male_pronouns,51.3323514,12.4022873,2023-08-01 00:00:32
288,female_pronouns,51.3242426,12.3919213,2023-09-01 00:00:32
288,female_pronouns,51.3242426,12.3919213,2023-09-01 00:00:32
288,female_pronouns,51.3242426,12.3919213,2023-09-01 00:00:32
288,female_pronouns,51.3242426,12.3919213,2023-09-01 00:00:32
288,male_pronouns,51.3242426,12.3919213,2023-09-01 00:00:32
291,male_pronouns,51.359091,12.3622507,2023-06-01 00:00:32
291,male_pronouns,51.359091,12.3622507,2023-06-01 00:00:32
291,male_pronouns,51.359091,12.3622507,2023-06-01 00:00:32
291,male_pronouns,51.359091,12.3622507,2023-06-01 00:00:32
292,male_pronouns,51.359091,12.3622507,2023-06-01 00:00:32
292,male_pronouns,51.359091,12.3622507,2023-06-01 00:00:32
292,male_pronouns,51.359091,12.3622507,2023-06-01 00:00:32
292,male_pronouns,51.359091,12.3622507,2023-06-01 00:00:32
293,female_pronouns,51.3267768,12.328360862673344,2023-08-01 00:00:32
293,female_pronouns,51.3267768,12.328360862673344,2023-08-01 00:00:32
294,female_pronouns,51.3793363,12.418521127364864,2023-06-01 00:00:32
295,female_pronouns,51.3264065,12.342624294173977,2023-06-01 00:00:32
295,female_pronouns,51.3264065,12.342624294173977,2023-06-01 00:00:32
295,female_pronouns,51.3264065,12.342624294173977,2023-06-01 00:00:32
295,female_pronouns,51.3264065,12.342624294173977,2023-06-01 00:00:32
295,female_pronouns,51.3264065,12.342624294173977,2023-06-01 00:00:32
295,female_pronouns,51.3264065,12.342624294173977,2023-06-01 00:00:32
295,female_pronouns,51.3264065,12.342624294173977,2023-06-01 00:00:32
295,female_pronouns,51.3264065,12.342624294173977,2023-06-01 00:00:32
295,female_pronouns,51.3264065,12.342624294173977,2023-06-01 00:00:32
295,male_pronouns,51.3264065,12.342624294173977,2023-06-01 00:00:32
295,male_pronouns,51.3264065,12.342624294173977,2023-06-01 00:00:32
295,male_pronouns,51.3264065,12.342624294173977,2023-06-01 00:00:32
295,male_pronouns,51.3264065,12.342624294173977,2023-06-01 00:00:32
295,male_pronouns,51.3264065,12.342624294173977,2023-06-01 00:00:32
296,female_pronouns,51.3385294,12.4090157,2023-07-01 00:00:32
296,female_pronouns,51.3385294,12.4090157,2023-07-01 00:00:32
297,female_pronouns,51.3327837,12.31382,2023-09-01 00:00:32
299,male_pronouns,51.3214749,12.3397877,2023-06-05 00:00:32
299,male_pronouns,51.3214749,12.3397877,2023-06-05 00:00:32
299,male_pronouns,51.3214749,12.3397877,2023-06-05 00:00:32
300,female_pronouns,51.3263278,12.334749463759328,2023-02-01 00:00:32
302,female_pronouns,51.34686955,12.40819925,2023-07-01 00:00:32
304,female_pronouns,51.3621255,12.387055902968635,2023-09-01 00:00:32
304,male_pronouns,51.3621255,12.387055902968635,2023-09-01 00:00:32
306,female_pronouns,51.3333965,12.4175832,2023-05-29 00:00:32
306,female_pronouns,51.3333965,12.4175832,2023-05-29 00:00:32
306,female_pronouns,51.3333965,12.4175832,2023-05-29 00:00:32
307,female_pronouns,51.3207215,12.34224,2023-06-23 00:00:32
307,female_pronouns,51.3207215,12.34224,2023-06-23 00:00:32
307,female_pronouns,51.3207215,12.34224,2023-06-23 00:00:32
308,female_pronouns,51.337078,12.399095,2023-07-09 00:00:32
308,female_pronouns,51.337078,12.399095,2023-07-09 00:00:32
308,female_pronouns,51.337078,12.399095,2023-07-09 00:00:32
308,female_pronouns,51.337078,12.399095,2023-07-09 00:00:32
308,female_pronouns,51.337078,12.399095,2023-07-09 00:00:32
309,female_pronouns,51.3412111,12.3934968,2023-08-01 00:00:32
309,female_pronouns,51.3412111,12.3934968,2023-08-01 00:00:32
309,female_pronouns,51.3412111,12.3934968,2023-08-01 00:00:32
309,female_pronouns,51.3412111,12.3934968,2023-08-01 00:00:32
309,female_pronouns,51.3412111,12.3934968,2023-08-01 00:00:32
309,female_pronouns,51.3412111,12.3934968,2023-08-01 00:00:32
309,male_pronouns,51.3412111,12.3934968,2023-08-01 00:00:32
309,male_pronouns,51.3412111,12.3934968,2023-08-01 00:00:32
309,male_pronouns,51.3412111,12.3934968,2023-08-01 00:00:32
310,female_pronouns,51.32726765,12.38127635022489,2023-07-01 00:00:32
310,male_pronouns,51.32726765,12.38127635022489,2023-07-01 00:00:32
310,male_pronouns,51.32726765,12.38127635022489,2023-07-01 00:00:32
311,female_pronouns,51.3395795,12.3323904,2023-08-01 00:00:32
311,female_pronouns,51.3395795,12.3323904,2023-08-01 00:00:32
311,male_pronouns,51.3395795,12.3323904,2023-08-01 00:00:32
311,male_pronouns,51.3395795,12.3323904,2023-08-01 00:00:32
311,male_pronouns,51.3395795,12.3323904,2023-08-01 00:00:32
311,male_pronouns,51.3395795,12.3323904,2023-08-01 00:00:32
311,neutral_pronouns,51.3395795,12.3323904,2023-08-01 00:00:32
315,female_pronouns,51.34925975,12.305137412313236,2023-07-28 00:00:32
316,female_pronouns,51.3614148,12.3623114,2023-08-01 00:00:32
316,female_pronouns,51.3614148,12.3623114,2023-08-01 00:00:32
316,female_pronouns,51.3614148,12.3623114,2023-08-01 00:00:32
316,female_pronouns,51.3614148,12.3623114,2023-08-01 00:00:32
316,female_pronouns,51.3614148,12.3623114,2023-08-01 00:00:32
316,female_pronouns,51.3614148,12.3623114,2023-08-01 00:00:32
316,female_pronouns,51.3614148,12.3623114,2023-08-01 00:00:32
316,female_pronouns,51.3614148,12.3623114,2023-08-01 00:00:32
316,female_pronouns,51.3614148,12.3623114,2023-08-01 00:00:32
316,female_pronouns,51.3614148,12.3623114,2023-08-01 00:00:32
316,male_pronouns,51.3614148,12.3623114,2023-08-01 00:00:32
316,male_pronouns,51.3614148,12.3623114,2023-08-01 00:00:32
316,male_pronouns,51.3614148,12.3623114,2023-08-01 00:00:32
317,female_pronouns,51.34465825,12.408670818989554,2023-07-10 00:00:32
317,female_pronouns,51.34465825,12.408670818989554,2023-07-10 00:00:32
317,female_pronouns,51.34465825,12.408670818989554,2023-07-10 00:00:32
319,female_pronouns,51.3320503,12.3812009,2023-09-01 00:00:32
319,female_pronouns,51.3320503,12.3812009,2023-09-01 00:00:32
319,male_pronouns,51.3320503,12.3812009,2023-09-01 00:00:32
320,male_pronouns,51.322980650000005,12.379040268871124,2023-06-15 00:00:32
320,male_pronouns,51.322980650000005,12.379040268871124,2023-06-15 00:00:32
321,female_pronouns,51.33689065,12.333701502950651,2023-07-15 00:00:32
323,female_pronouns,51.3391548,12.3969686,2023-09-25 00:00:32
323,female_pronouns,51.3391548,12.3969686,2023-09-25 00:00:32
323,female_pronouns,51.3391548,12.3969686,2023-09-25 00:00:32
323,female_pronouns,51.3391548,12.3969686,2023-09-25 00:00:32
324,female_pronouns,51.3218134,12.3768129,2023-07-19 00:00:32
324,female_pronouns,51.3218134,12.3768129,2023-07-19 00:00:32
324,female_pronouns,51.3218134,12.3768129,2023-07-19 00:00:32
324,female_pronouns,51.3218134,12.3768129,2023-07-19 00:00:32
324,female_pronouns,51.3218134,12.3768129,2023-07-19 00:00:32
324,male_pronouns,51.3218134,12.3768129,2023-07-19 00:00:32
324,male_pronouns,51.3218134,12.3768129,2023-07-19 00:00:32
324,male_pronouns,51.3218134,12.3768129,2023-07-19 00:00:32
326,female_pronouns,51.3420206,12.4023479,2023-09-01 00:00:32
327,female_pronouns,51.3318603,12.4054284,2023-07-01 00:00:32
328,female_pronouns,51.3792481,12.4214063,2023-08-30 00:00:32
329,female_pronouns,51.3308555,12.3139135,2023-07-03 00:00:32
329,female_pronouns,51.3308555,12.3139135,2023-07-03 00:00:32
329,female_pronouns,51.3308555,12.3139135,2023-07-03 00:00:32
330,female_pronouns,51.3337478,12.4157852,2023-07-15 00:00:32
331,female_pronouns,51.32315455,12.370105195458738,2023-09-01 00:00:32
331,female_pronouns,51.32315455,12.370105195458738,2023-09-01 00:00:32
331,female_pronouns,51.32315455,12.370105195458738,2023-09-01 00:00:32
333,female_pronouns,51.3592962,12.376953036735356,2023-09-01 00:00:32
333,female_pronouns,51.3592962,12.376953036735356,2023-09-01 00:00:32
333,female_pronouns,51.3592962,12.376953036735356,2023-09-01 00:00:32
333,male_pronouns,51.3592962,12.376953036735356,2023-09-01 00:00:32
333,male_pronouns,51.3592962,12.376953036735356,2023-09-01 00:00:32
333,male_pronouns,51.3592962,12.376953036735356,2023-09-01 00:00:32
333,neutral_pronouns,51.3592962,12.376953036735356,2023-09-01 00:00:32
333,neutral_pronouns,51.3592962,12.376953036735356,2023-09-01 00:00:32
334,female_pronouns,51.3463684,12.4127381,2023-08-01 00:00:32
334,female_pronouns,51.3463684,12.4127381,2023-08-01 00:00:32
334,female_pronouns,51.3463684,12.4127381,2023-08-01 00:00:32
334,male_pronouns,51.3463684,12.4127381,2023-08-01 00:00:32
334,male_pronouns,51.3463684,12.4127381,2023-08-01 00:00:32
335,female_pronouns,51.3257788,12.3274176,2023-08-01 00:00:32
335,female_pronouns,51.3257788,12.3274176,2023-08-01 00:00:32
335,female_pronouns,51.3257788,12.3274176,2023-08-01 00:00:32
335,female_pronouns,51.3257788,12.3274176,2023-08-01 00:00:32
336,female_pronouns,51.3375388,12.4150656,2023-09-01 00:00:32
336,female_pronouns,51.3375388,12.4150656,2023-09-01 00:00:32
336,female_pronouns,51.3375388,12.4150656,2023-09-01 00:00:32
336,female_pronouns,51.3375388,12.4150656,2023-09-01 00:00:32
336,female_pronouns,51.3375388,12.4150656,2023-09-01 00:00:32
336,female_pronouns,51.3375388,12.4150656,2023-09-01 00:00:32
336,female_pronouns,51.3375388,12.4150656,2023-09-01 00:00:32
336,female_pronouns,51.3375388,12.4150656,2023-09-01 00:00:32
336,female_pronouns,51.3375388,12.4150656,2023-09-01 00:00:32
336,female_pronouns,51.3375388,12.4150656,2023-09-01 00:00:32
336,female_pronouns,51.3375388,12.4150656,2023-09-01 00:00:32
336,female_pronouns,51.3375388,12.4150656,2023-09-01 00:00:32
336,female_pronouns,51.3375388,12.4150656,2023-09-01 00:00:32
336,female_pronouns,51.3375388,12.4150656,2023-09-01 00:00:32
336,female_pronouns,51.3375388,12.4150656,2023-09-01 00:00:32
336,male_pronouns,51.3375388,12.4150656,2023-09-01 00:00:32
336,neutral_pronouns,51.3375388,12.4150656,2023-09-01 00:00:32
339,female_pronouns,51.3559795,12.408841526549285,2023-07-01 00:00:32
339,female_pronouns,51.3559795,12.408841526549285,2023-07-01 00:00:32
339,female_pronouns,51.3559795,12.408841526549285,2023-07-01 00:00:32
339,female_pronouns,51.3559795,12.408841526549285,2023-07-01 00:00:32
339,female_pronouns,51.3559795,12.408841526549285,2023-07-01 00:00:32
339,male_pronouns,51.3559795,12.408841526549285,2023-07-01 00:00:32
341,male_pronouns,51.3183769,12.3731107,2023-07-07 00:00:32
342,female_pronouns,51.3462701,12.4060433,2023-09-01 00:00:32
342,female_pronouns,51.3462701,12.4060433,2023-09-01 00:00:32
342,female_pronouns,51.3462701,12.4060433,2023-09-01 00:00:32
342,male_pronouns,51.3462701,12.4060433,2023-09-01 00:00:32
342,male_pronouns,51.3462701,12.4060433,2023-09-01 00:00:32
342,male_pronouns,51.3462701,12.4060433,2023-09-01 00:00:32
342,male_pronouns,51.3462701,12.4060433,2023-09-01 00:00:32
343,female_pronouns,51.3461969,12.4194633,2023-07-26 00:00:32
343,female_pronouns,51.3461969,12.4194633,2023-07-26 00:00:32
343,male_pronouns,51.3461969,12.4194633,2023-07-26 00:00:32
344,female_pronouns,51.3703702,12.33532462376511,2023-08-01 00:00:32
344,female_pronouns,51.3703702,12.33532462376511,2023-08-01 00:00:32
344,male_pronouns,51.3703702,12.33532462376511,2023-08-01 00:00:32
344,male_pronouns,51.3703702,12.33532462376511,2023-08-01 00:00:32
345,female_pronouns,51.3158651,12.37727145,2023-08-01 00:00:32
345,female_pronouns,51.3158651,12.37727145,2023-08-01 00:00:32
345,female_pronouns,51.3158651,12.37727145,2023-08-01 00:00:32
345,female_pronouns,51.3158651,12.37727145,2023-08-01 00:00:32
345,female_pronouns,51.3158651,12.37727145,2023-08-01 00:00:32
345,female_pronouns,51.3158651,12.37727145,2023-08-01 00:00:32
346,female_pronouns,51.3357422,12.4067552,2023-06-18 00:00:32
346,female_pronouns,51.3357422,12.4067552,2023-06-18 00:00:32
346,female_pronouns,51.3357422,12.4067552,2023-06-18 00:00:32
346,male_pronouns,51.3357422,12.4067552,2023-06-18 00:00:32
346,male_pronouns,51.3357422,12.4067552,2023-06-18 00:00:32
346,male_pronouns,51.3357422,12.4067552,2023-06-18 00:00:32
348,female_pronouns,51.3387501,12.4020495,2023-07-14 00:00:32
348,female_pronouns,51.3387501,12.4020495,2023-07-14 00:00:32
348,female_pronouns,51.3387501,12.4020495,2023-07-14 00:00:32
348,female_pronouns,51.3387501,12.4020495,2023-07-14 00:00:32
348,male_pronouns,51.3387501,12.4020495,2023-07-14 00:00:32
348,male_pronouns,51.3387501,12.4020495,2023-07-14 00:00:32
349,male_pronouns,51.3197376,12.3027613,2023-07-01 00:00:32
352,female_pronouns,51.321644500000005,12.32533855,2023-07-01 00:00:32
352,female_pronouns,51.321644500000005,12.32533855,2023-07-01 00:00:32
352,male_pronouns,51.321644500000005,12.32533855,2023-07-01 00:00:32
352,male_pronouns,51.321644500000005,12.32533855,2023-07-01 00:00:32
352,male_pronouns,51.321644500000005,12.32533855,2023-07-01 00:00:32
353,female_pronouns,51.344658,12.4058509,2023-06-18 00:00:32
353,female_pronouns,51.344658,12.4058509,2023-06-18 00:00:32
353,female_pronouns,51.344658,12.4058509,2023-06-18 00:00:32
353,female_pronouns,51.344658,12.4058509,2023-06-18 00:00:32
353,female_pronouns,51.344658,12.4058509,2023-06-18 00:00:32
353,female_pronouns,51.344658,12.4058509,2023-06-18 00:00:32
353,female_pronouns,51.344658,12.4058509,2023-06-18 00:00:32
353,female_pronouns,51.344658,12.4058509,2023-06-18 00:00:32
353,female_pronouns,51.344658,12.4058509,2023-06-18 00:00:32
353,female_pronouns,51.344658,12.4058509,2023-06-18 00:00:32
353,female_pronouns,51.344658,12.4058509,2023-06-18 00:00:32
353,female_pronouns,51.344658,12.4058509,2023-06-18 00:00:32
353,female_pronouns,51.344658,12.4058509,2023-06-18 00:00:32
353,male_pronouns,51.344658,12.4058509,2023-06-18 00:00:32
354,female_pronouns,51.3054245,12.3751499,2023-08-03 00:00:32
354,male_pronouns,51.3054245,12.3751499,2023-08-03 00:00:32
354,male_pronouns,51.3054245,12.3751499,2023-08-03 00:00:32
354,male_pronouns,51.3054245,12.3751499,2023-08-03 00:00:32
354,male_pronouns,51.3054245,12.3751499,2023-08-03 00:00:32
354,male_pronouns,51.3054245,12.3751499,2023-08-03 00:00:32
355,male_pronouns,51.3453974,12.4108313,2023-09-01 00:00:32
361,female_pronouns,51.331279,12.3434224,2023-08-01 00:00:32
361,female_pronouns,51.331279,12.3434224,2023-08-01 00:00:32
361,female_pronouns,51.331279,12.3434224,2023-08-01 00:00:32
361,female_pronouns,51.331279,12.3434224,2023-08-01 00:00:32
361,female_pronouns,51.331279,12.3434224,2023-08-01 00:00:32
361,female_pronouns,51.331279,12.3434224,2023-08-01 00:00:32
361,female_pronouns,51.331279,12.3434224,2023-08-01 00:00:32
361,female_pronouns,51.331279,12.3434224,2023-08-01 00:00:32
361,female_pronouns,51.331279,12.3434224,2023-08-01 00:00:32
361,female_pronouns,51.331279,12.3434224,2023-08-01 00:00:32
361,male_pronouns,51.331279,12.3434224,2023-08-01 00:00:32
361,male_pronouns,51.331279,12.3434224,2023-08-01 00:00:32
361,male_pronouns,51.331279,12.3434224,2023-08-01 00:00:32
361,male_pronouns,51.331279,12.3434224,2023-08-01 00:00:32
361,male_pronouns,51.331279,12.3434224,2023-08-01 00:00:32
363,female_pronouns,51.3473588,12.400387296712138,2023-07-01 00:00:32
363,female_pronouns,51.3473588,12.400387296712138,2023-07-01 00:00:32
363,female_pronouns,51.3473588,12.400387296712138,2023-07-01 00:00:32
363,male_pronouns,51.3473588,12.400387296712138,2023-07-01 00:00:32
363,male_pronouns,51.3473588,12.400387296712138,2023-07-01 00:00:32
363,male_pronouns,51.3473588,12.400387296712138,2023-07-01 00:00:32
363,male_pronouns,51.3473588,12.400387296712138,2023-07-01 00:00:32
363,male_pronouns,51.3473588,12.400387296712138,2023-07-01 00:00:32
363,male_pronouns,51.3473588,12.400387296712138,2023-07-01 00:00:32
363,neutral_pronouns,51.3473588,12.400387296712138,2023-07-01 00:00:32
365,female_pronouns,51.3583575,12.3761508,2023-08-01 00:00:32
365,female_pronouns,51.3583575,12.3761508,2023-08-01 00:00:32
367,male_pronouns,51.3252778,12.3735205,2023-07-04 00:00:32
367,male_pronouns,51.3252778,12.3735205,2023-07-04 00:00:32
367,male_pronouns,51.3252778,12.3735205,2023-07-04 00:00:32
369,female_pronouns,51.330511400000006,12.312003702542366,2023-07-01 00:00:32
369,female_pronouns,51.330511400000006,12.312003702542366,2023-07-01 00:00:32
369,female_pronouns,51.330511400000006,12.312003702542366,2023-07-01 00:00:32
369,female_pronouns,51.330511400000006,12.312003702542366,2023-07-01 00:00:32
369,female_pronouns,51.330511400000006,12.312003702542366,2023-07-01 00:00:32
369,female_pronouns,51.330511400000006,12.312003702542366,2023-07-01 00:00:32
369,female_pronouns,51.330511400000006,12.312003702542366,2023-07-01 00:00:32
369,female_pronouns,51.330511400000006,12.312003702542366,2023-07-01 00:00:32
369,male_pronouns,51.330511400000006,12.312003702542366,2023-07-01 00:00:32
374,female_pronouns,51.3285394,12.335882301622902,2023-09-01 00:00:32
375,female_pronouns,51.3380493,12.4052365,2023-07-01 00:00:32
376,female_pronouns,51.3319998,12.3955296,2023-09-01 00:00:32
376,female_pronouns,51.3319998,12.3955296,2023-09-01 00:00:32
376,female_pronouns,51.3319998,12.3955296,2023-09-01 00:00:32
377,female_pronouns,51.32479875,12.368025594808708,2023-10-01 00:00:32
377,male_pronouns,51.32479875,12.368025594808708,2023-10-01 00:00:32
377,male_pronouns,51.32479875,12.368025594808708,2023-10-01 00:00:32
379,female_pronouns,51.3172334,12.3731368,2023-07-04 00:00:32
379,female_pronouns,51.3172334,12.3731368,2023-07-04 00:00:32
379,female_pronouns,51.3172334,12.3731368,2023-07-04 00:00:32
380,female_pronouns,51.32813485,12.37734605,2023-08-01 00:00:32
380,female_pronouns,51.32813485,12.37734605,2023-08-01 00:00:32
380,female_pronouns,51.32813485,12.37734605,2023-08-01 00:00:32
380,female_pronouns,51.32813485,12.37734605,2023-08-01 00:00:32
380,female_pronouns,51.32813485,12.37734605,2023-08-01 00:00:32
380,male_pronouns,51.32813485,12.37734605,2023-08-01 00:00:32
380,male_pronouns,51.32813485,12.37734605,2023-08-01 00:00:32
380,male_pronouns,51.32813485,12.37734605,2023-08-01 00:00:32
380,male_pronouns,51.32813485,12.37734605,2023-08-01 00:00:32
380,male_pronouns,51.32813485,12.37734605,2023-08-01 00:00:32
381,female_pronouns,51.3312976,12.3968479,2023-08-14 00:00:32
381,female_pronouns,51.3312976,12.3968479,2023-08-14 00:00:32
381,male_pronouns,51.3312976,12.3968479,2023-08-14 00:00:32
382,female_pronouns,51.3078971,12.3786511,2023-05-15 00:00:32
382,female_pronouns,51.3078971,12.3786511,2023-05-15 00:00:32
382,female_pronouns,51.3078971,12.3786511,2023-05-15 00:00:32
382,female_pronouns,51.3078971,12.3786511,2023-05-15 00:00:32
382,female_pronouns,51.3078971,12.3786511,2023-05-15 00:00:32
382,female_pronouns,51.3078971,12.3786511,2023-05-15 00:00:32
382,female_pronouns,51.3078971,12.3786511,2023-05-15 00:00:32
382,male_pronouns,51.3078971,12.3786511,2023-05-15 00:00:32
383,female_pronouns,51.3340155,12.3973284,2023-07-01 00:00:32
383,female_pronouns,51.3340155,12.3973284,2023-07-01 00:00:32
385,female_pronouns,51.3441626,12.3981066,2023-07-15 00:00:32
385,female_pronouns,51.3441626,12.3981066,2023-07-15 00:00:32
385,female_pronouns,51.3441626,12.3981066,2023-07-15 00:00:32
387,female_pronouns,51.3410177,12.4095536,2023-06-17 00:00:32
387,male_pronouns,51.3410177,12.4095536,2023-06-17 00:00:32
387,male_pronouns,51.3410177,12.4095536,2023-06-17 00:00:32
388,male_pronouns,51.3541639,12.3760667,2023-07-01 00:00:32
388,male_pronouns,51.3541639,12.3760667,2023-07-01 00:00:32
388,male_pronouns,51.3541639,12.3760667,2023-07-01 00:00:32
388,male_pronouns,51.3541639,12.3760667,2023-07-01 00:00:32
390,female_pronouns,51.3301405,12.3705618,2023-07-03 00:00:32
390,female_pronouns,51.3301405,12.3705618,2023-07-03 00:00:32
392,female_pronouns,51.3332141,12.39720082405973,2023-07-15 00:00:32
392,female_pronouns,51.3332141,12.39720082405973,2023-07-15 00:00:32
392,female_pronouns,51.3332141,12.39720082405973,2023-07-15 00:00:32
392,male_pronouns,51.3332141,12.39720082405973,2023-07-15 00:00:32
392,male_pronouns,51.3332141,12.39720082405973,2023-07-15 00:00:32
393,female_pronouns,51.34765595,12.400838201050648,2023-08-01 00:00:32
393,female_pronouns,51.34765595,12.400838201050648,2023-08-01 00:00:32
393,female_pronouns,51.34765595,12.400838201050648,2023-08-01 00:00:32
393,female_pronouns,51.34765595,12.400838201050648,2023-08-01 00:00:32
393,female_pronouns,51.34765595,12.400838201050648,2023-08-01 00:00:32
393,female_pronouns,51.34765595,12.400838201050648,2023-08-01 00:00:32
396,female_pronouns,51.3332141,12.39720082405973,2023-07-01 00:00:32
396,female_pronouns,51.3332141,12.39720082405973,2023-07-01 00:00:32
396,female_pronouns,51.3332141,12.39720082405973,2023-07-01 00:00:32
396,male_pronouns,51.3332141,12.39720082405973,2023-07-01 00:00:32
398,female_pronouns,51.3194545,12.3413435,2023-09-25 00:00:32
399,female_pronouns,51.3389687,12.3327032,2023-07-07 00:00:32
400,neutral_pronouns,51.3461208,12.4193101,2023-08-01 00:00:32
401,female_pronouns,51.3365967,12.3842682,2023-07-01 00:00:32
401,male_pronouns,51.3365967,12.3842682,2023-07-01 00:00:32
401,male_pronouns,51.3365967,12.3842682,2023-07-01 00:00:32
401,male_pronouns,51.3365967,12.3842682,2023-07-01 00:00:32
401,male_pronouns,51.3365967,12.3842682,2023-07-01 00:00:32
404,neutral_pronouns,51.3293096,12.3833921,2023-08-01 00:00:32
406,female_pronouns,51.3421849,12.3730798,2023-09-01 00:00:32
407,female_pronouns,51.3547827,12.4089308,2023-08-20 00:00:32
407,male_pronouns,51.3547827,12.4089308,2023-08-20 00:00:32
411,female_pronouns,51.30842915,12.369701130887703,2023-08-01 00:00:32
411,female_pronouns,51.30842915,12.369701130887703,2023-08-01 00:00:32
411,female_pronouns,51.30842915,12.369701130887703,2023-08-01 00:00:32
411,male_pronouns,51.30842915,12.369701130887703,2023-08-01 00:00:32
415,female_pronouns,51.3090046,12.392275741166308,2023-08-01 00:00:32
415,female_pronouns,51.3090046,12.392275741166308,2023-08-01 00:00:32
416,female_pronouns,51.3017261,12.384729356650697,2023-06-16 00:00:32
416,female_pronouns,51.3017261,12.384729356650697,2023-06-16 00:00:32
416,female_pronouns,51.3017261,12.384729356650697,2023-06-16 00:00:32
418,female_pronouns,51.32720155,12.3871659713826,2023-09-01 00:00:32
418,female_pronouns,51.32720155,12.3871659713826,2023-09-01 00:00:32
419,female_pronouns,51.3411681,12.3218026,2023-09-01 00:00:32
420,female_pronouns,51.3459854,12.4110692,2023-09-01 00:00:32
420,female_pronouns,51.3459854,12.4110692,2023-09-01 00:00:32
420,female_pronouns,51.3459854,12.4110692,2023-09-01 00:00:32
420,female_pronouns,51.3459854,12.4110692,2023-09-01 00:00:32
421,female_pronouns,51.32929765,12.3737267,2023-08-09 00:00:32
421,female_pronouns,51.32929765,12.3737267,2023-08-09 00:00:32
421,male_pronouns,51.32929765,12.3737267,2023-08-09 00:00:32
423,female_pronouns,51.3292048,12.3734977,2023-08-01 00:00:32
423,female_pronouns,51.3292048,12.3734977,2023-08-01 00:00:32
423,female_pronouns,51.3292048,12.3734977,2023-08-01 00:00:32
423,female_pronouns,51.3292048,12.3734977,2023-08-01 00:00:32
423,female_pronouns,51.3292048,12.3734977,2023-08-01 00:00:32
423,female_pronouns,51.3292048,12.3734977,2023-08-01 00:00:32
423,male_pronouns,51.3292048,12.3734977,2023-08-01 00:00:32
423,male_pronouns,51.3292048,12.3734977,2023-08-01 00:00:32
423,male_pronouns,51.3292048,12.3734977,2023-08-01 00:00:32
423,male_pronouns,51.3292048,12.3734977,2023-08-01 00:00:32
423,male_pronouns,51.3292048,12.3734977,2023-08-01 00:00:32
424,female_pronouns,51.3336879,12.4049388,2023-09-01 00:00:32
424,female_pronouns,51.3336879,12.4049388,2023-09-01 00:00:32
424,female_pronouns,51.3336879,12.4049388,2023-09-01 00:00:32
424,female_pronouns,51.3336879,12.4049388,2023-09-01 00:00:32
424,female_pronouns,51.3336879,12.4049388,2023-09-01 00:00:32
424,female_pronouns,51.3336879,12.4049388,2023-09-01 00:00:32
424,female_pronouns,51.3336879,12.4049388,2023-09-01 00:00:32
424,female_pronouns,51.3336879,12.4049388,2023-09-01 00:00:32
424,female_pronouns,51.3336879,12.4049388,2023-09-01 00:00:32
424,female_pronouns,51.3336879,12.4049388,2023-09-01 00:00:32
424,male_pronouns,51.3336879,12.4049388,2023-09-01 00:00:32
426,female_pronouns,51.361787,12.37432750159019,2023-09-01 00:00:32
427,female_pronouns,51.34596005,12.358657999999998,2023-08-01 00:00:32
428,female_pronouns,51.34679885,12.378156767627823,2023-08-15 00:00:32
428,female_pronouns,51.34679885,12.378156767627823,2023-08-15 00:00:32
428,female_pronouns,51.34679885,12.378156767627823,2023-08-15 00:00:32
428,male_pronouns,51.34679885,12.378156767627823,2023-08-15 00:00:32
429,male_pronouns,51.3357042,12.3301785,2023-07-25 00:00:32
429,male_pronouns,51.3357042,12.3301785,2023-07-25 00:00:32
429,male_pronouns,51.3357042,12.3301785,2023-07-25 00:00:32
430,female_pronouns,51.34470495,12.373379206110169,2023-07-01 00:00:32
430,female_pronouns,51.34470495,12.373379206110169,2023-07-01 00:00:32
430,female_pronouns,51.34470495,12.373379206110169,2023-07-01 00:00:32
432,female_pronouns,51.342734750000005,12.38773225,2023-06-19 00:00:32
432,female_pronouns,51.342734750000005,12.38773225,2023-06-19 00:00:32
433,female_pronouns,51.3344713,12.3790132,2023-08-01 00:00:32
433,female_pronouns,51.3344713,12.3790132,2023-08-01 00:00:32
433,male_pronouns,51.3344713,12.3790132,2023-08-01 00:00:32
433,male_pronouns,51.3344713,12.3790132,2023-08-01 00:00:32
433,male_pronouns,51.3344713,12.3790132,2023-08-01 00:00:32
433,male_pronouns,51.3344713,12.3790132,2023-08-01 00:00:32
433,male_pronouns,51.3344713,12.3790132,2023-08-01 00:00:32
433,male_pronouns,51.3344713,12.3790132,2023-08-01 00:00:32
433,male_pronouns,51.3344713,12.3790132,2023-08-01 00:00:32
433,male_pronouns,51.3344713,12.3790132,2023-08-01 00:00:32
433,male_pronouns,51.3344713,12.3790132,2023-08-01 00:00:32
433,male_pronouns,51.3344713,12.3790132,2023-08-01 00:00:32
433,male_pronouns,51.3344713,12.3790132,2023-08-01 00:00:32
433,male_pronouns,51.3344713,12.3790132,2023-08-01 00:00:32
433,male_pronouns,51.3344713,12.3790132,2023-08-01 00:00:32
435,male_pronouns,51.3379251,12.416492976652464,2023-07-01 00:00:32
437,female_pronouns,51.3614397,12.382988124957912,2023-08-03 00:00:32
437,female_pronouns,51.3614397,12.382988124957912,2023-08-03 00:00:32
437,male_pronouns,51.3614397,12.382988124957912,2023-08-03 00:00:32
437,male_pronouns,51.3614397,12.382988124957912,2023-08-03 00:00:32
437,male_pronouns,51.3614397,12.382988124957912,2023-08-03 00:00:32
437,male_pronouns,51.3614397,12.382988124957912,2023-08-03 00:00:32
438,female_pronouns,51.3215081,12.3291871,2023-08-01 00:00:32
438,female_pronouns,51.3215081,12.3291871,2023-08-01 00:00:32
438,male_pronouns,51.3215081,12.3291871,2023-08-01 00:00:32
439,female_pronouns,51.3318603,12.4054284,2023-07-01 00:00:32
440,female_pronouns,51.3792481,12.4214063,2023-06-19 00:00:32
440,female_pronouns,51.3792481,12.4214063,2023-06-19 00:00:32
440,male_pronouns,51.3792481,12.4214063,2023-06-19 00:00:32
441,female_pronouns,51.33500695,12.406920403951474,2023-07-01 00:00:32
441,female_pronouns,51.33500695,12.406920403951474,2023-07-01 00:00:32
441,male_pronouns,51.33500695,12.406920403951474,2023-07-01 00:00:32
442,female_pronouns,51.3380286,12.3651214,2023-07-01 00:00:32
442,female_pronouns,51.3380286,12.3651214,2023-07-01 00:00:32
443,female_pronouns,51.320210450000005,12.275537782242225,2023-08-01 00:00:32
444,female_pronouns,51.3268907,12.37210692872868,2023-06-01 00:00:32
444,female_pronouns,51.3268907,12.37210692872868,2023-06-01 00:00:32
444,female_pronouns,51.3268907,12.37210692872868,2023-06-01 00:00:32
444,male_pronouns,51.3268907,12.37210692872868,2023-06-01 00:00:32
444,male_pronouns,51.3268907,12.37210692872868,2023-06-01 00:00:32
445,neutral_pronouns,51.301481,12.398818780897455,2023-06-01 00:00:32
445,neutral_pronouns,51.301481,12.398818780897455,2023-06-01 00:00:32
446,female_pronouns,51.3372674,12.4006602,2023-06-01 00:00:32
446,female_pronouns,51.3372674,12.4006602,2023-06-01 00:00:32
446,female_pronouns,51.3372674,12.4006602,2023-06-01 00:00:32
446,female_pronouns,51.3372674,12.4006602,2023-06-01 00:00:32
447,female_pronouns,51.31651445,12.32242117349887,2023-05-27 00:00:32
447,female_pronouns,51.31651445,12.32242117349887,2023-05-27 00:00:32
448,female_pronouns,51.3232287,12.3389706,2023-06-09 00:00:32
448,female_pronouns,51.3232287,12.3389706,2023-06-09 00:00:32
448,female_pronouns,51.3232287,12.3389706,2023-06-09 00:00:32
448,female_pronouns,51.3232287,12.3389706,2023-06-09 00:00:32
448,male_pronouns,51.3232287,12.3389706,2023-06-09 00:00:32
449,female_pronouns,51.345671,12.4053291,2023-05-26 00:00:32
449,female_pronouns,51.345671,12.4053291,2023-05-26 00:00:32
449,female_pronouns,51.345671,12.4053291,2023-05-26 00:00:32
449,female_pronouns,51.345671,12.4053291,2023-05-26 00:00:32
449,female_pronouns,51.345671,12.4053291,2023-05-26 00:00:32
449,male_pronouns,51.345671,12.4053291,2023-05-26 00:00:32
450,female_pronouns,51.3330573,12.4065149,2023-07-01 00:00:32
450,female_pronouns,51.3330573,12.4065149,2023-07-01 00:00:32
451,female_pronouns,51.3330573,12.4065149,2023-07-01 00:00:32
451,female_pronouns,51.3330573,12.4065149,2023-07-01 00:00:32
455,female_pronouns,51.33689065,12.333701502950651,2023-06-01 00:00:32
456,female_pronouns,51.3262788,12.3422854,2023-08-01 00:00:32
457,female_pronouns,51.32130865,12.363403325728484,2023-06-02 00:00:32
457,male_pronouns,51.32130865,12.363403325728484,2023-06-02 00:00:32
457,male_pronouns,51.32130865,12.363403325728484,2023-06-02 00:00:32
458,female_pronouns,51.3349678,12.3305595,2023-06-01 00:00:32
458,male_pronouns,51.3349678,12.3305595,2023-06-01 00:00:32
460,female_pronouns,51.355624950000006,12.410539524027472,2023-06-15 00:00:32
460,female_pronouns,51.355624950000006,12.410539524027472,2023-06-15 00:00:32
460,female_pronouns,51.355624950000006,12.410539524027472,2023-06-15 00:00:32
460,female_pronouns,51.355624950000006,12.410539524027472,2023-06-15 00:00:32
465,female_pronouns,51.3397025,12.3262631,2023-10-01 00:00:32
465,female_pronouns,51.3397025,12.3262631,2023-10-01 00:00:32
467,female_pronouns,51.3365352,12.41693614201452,2023-06-01 00:00:32
467,female_pronouns,51.3365352,12.41693614201452,2023-06-01 00:00:32
468,female_pronouns,51.3323009,12.3795525,2023-04-26 00:00:32
471,female_pronouns,51.3364247,12.3290193,2023-06-01 00:00:32
471,male_pronouns,51.3364247,12.3290193,2023-06-01 00:00:32
471,male_pronouns,51.3364247,12.3290193,2023-06-01 00:00:32
473,female_pronouns,51.33014465,12.378416691114458,2023-06-01 00:00:32
474,female_pronouns,51.3210507,12.328166546413572,2023-04-27 00:00:32
474,female_pronouns,51.3210507,12.328166546413572,2023-04-27 00:00:32
476,female_pronouns,51.3453974,12.4108313,2023-06-01 00:00:32
476,female_pronouns,51.3453974,12.4108313,2023-06-01 00:00:32
476,female_pronouns,51.3453974,12.4108313,2023-06-01 00:00:32
480,female_pronouns,51.3309686,12.311524682886173,2023-06-01 00:00:32
481,female_pronouns,51.3458898,12.413961,2023-03-24 00:00:32
481,female_pronouns,51.3458898,12.413961,2023-03-24 00:00:32
481,male_pronouns,51.3458898,12.413961,2023-03-24 00:00:32
481,male_pronouns,51.3458898,12.413961,2023-03-24 00:00:32
481,male_pronouns,51.3458898,12.413961,2023-03-24 00:00:32
481,male_pronouns,51.3458898,12.413961,2023-03-24 00:00:32
484,female_pronouns,51.3381103,12.3879436,2023-03-19 00:00:32
484,female_pronouns,51.3381103,12.3879436,2023-03-19 00:00:32
484,female_pronouns,51.3381103,12.3879436,2023-03-19 00:00:32
485,female_pronouns,51.3461963,12.4058881,2023-06-01 00:00:32
485,female_pronouns,51.3461963,12.4058881,2023-06-01 00:00:32
487,female_pronouns,51.36114655,12.3731218,2023-02-03 00:00:32
487,female_pronouns,51.36114655,12.3731218,2023-02-03 00:00:32
487,female_pronouns,51.36114655,12.3731218,2023-02-03 00:00:32
491,female_pronouns,51.3378412,12.363699941792207,2023-06-01 00:00:32
491,female_pronouns,51.3378412,12.363699941792207,2023-06-01 00:00:32
491,male_pronouns,51.3378412,12.363699941792207,2023-06-01 00:00:32
491,male_pronouns,51.3378412,12.363699941792207,2023-06-01 00:00:32
491,male_pronouns,51.3378412,12.363699941792207,2023-06-01 00:00:32
491,neutral_pronouns,51.3378412,12.363699941792207,2023-06-01 00:00:32
492,female_pronouns,51.33761695,12.355122391293555,2023-06-01 00:00:32
492,female_pronouns,51.33761695,12.355122391293555,2023-06-01 00:00:32
492,female_pronouns,51.33761695,12.355122391293555,2023-06-01 00:00:32
492,female_pronouns,51.33761695,12.355122391293555,2023-06-01 00:00:32
492,male_pronouns,51.33761695,12.355122391293555,2023-06-01 00:00:32
492,male_pronouns,51.33761695,12.355122391293555,2023-06-01 00:00:32
499,female_pronouns,51.3285216,12.3377045,2023-06-01 00:00:32
499,female_pronouns,51.3285216,12.3377045,2023-06-01 00:00:32
499,female_pronouns,51.3285216,12.3377045,2023-06-01 00:00:32
499,female_pronouns,51.3285216,12.3377045,2023-06-01 00:00:32
501,female_pronouns,51.30640065,12.36935284552214,2023-09-01 00:00:32
501,female_pronouns,51.30640065,12.36935284552214,2023-09-01 00:00:32
501,female_pronouns,51.30640065,12.36935284552214,2023-09-01 00:00:32
502,female_pronouns,51.3396597,12.3341766,2023-07-25 00:00:32
503,female_pronouns,51.3250233,12.3682922,2023-06-01 00:00:32
503,female_pronouns,51.3250233,12.3682922,2023-06-01 00:00:32
503,male_pronouns,51.3250233,12.3682922,2023-06-01 00:00:32
504,female_pronouns,51.3439633,12.442834,2022-08-01 00:00:32
504,female_pronouns,51.3439633,12.442834,2022-08-01 00:00:32
507,female_pronouns,51.32090915,12.418350396336852,2023-09-01 00:00:32
507,female_pronouns,51.32090915,12.418350396336852,2023-09-01 00:00:32
508,female_pronouns,51.36114655,12.3731218,2022-11-06 00:00:32
510,female_pronouns,51.3024803,12.3846462,2023-06-15 00:00:32
510,female_pronouns,51.3024803,12.3846462,2023-06-15 00:00:32
511,male_pronouns,51.3361367,12.4016372,2022-11-29 00:00:32
512,female_pronouns,51.3408098,12.3343176,2023-08-30 00:00:32
515,female_pronouns,51.3067454,12.3807032,2022-11-21 00:00:32
515,female_pronouns,51.3067454,12.3807032,2022-11-21 00:00:32
515,female_pronouns,51.3067454,12.3807032,2022-11-21 00:00:32
515,female_pronouns,51.3067454,12.3807032,2022-11-21 00:00:32
515,female_pronouns,51.3067454,12.3807032,2022-11-21 00:00:32
515,male_pronouns,51.3067454,12.3807032,2022-11-21 00:00:32
515,male_pronouns,51.3067454,12.3807032,2022-11-21 00:00:32
515,male_pronouns,51.3067454,12.3807032,2022-11-21 00:00:32
515,male_pronouns,51.3067454,12.3807032,2022-11-21 00:00:32
515,male_pronouns,51.3067454,12.3807032,2022-11-21 00:00:32
518,female_pronouns,51.32596905,12.343378548890316,2022-10-21 00:00:32
518,female_pronouns,51.32596905,12.343378548890316,2022-10-21 00:00:32
518,female_pronouns,51.32596905,12.343378548890316,2022-10-21 00:00:32
518,female_pronouns,51.32596905,12.343378548890316,2022-10-21 00:00:32
518,female_pronouns,51.32596905,12.343378548890316,2022-10-21 00:00:32
518,female_pronouns,51.32596905,12.343378548890316,2022-10-21 00:00:32
518,female_pronouns,51.32596905,12.343378548890316,2022-10-21 00:00:32
518,female_pronouns,51.32596905,12.343378548890316,2022-10-21 00:00:32
521,male_pronouns,51.3185315,12.3795521,2023-08-14 00:00:32
521,male_pronouns,51.3185315,12.3795521,2023-08-14 00:00:32
523,female_pronouns,51.3471843,12.397868418260495,2023-08-07 00:00:32
523,female_pronouns,51.3471843,12.397868418260495,2023-08-07 00:00:32
523,female_pronouns,51.3471843,12.397868418260495,2023-08-07 00:00:32
523,male_pronouns,51.3471843,12.397868418260495,2023-08-07 00:00:32
524,female_pronouns,51.3213938,12.4046329,2023-06-11 00:00:32
524,male_pronouns,51.3213938,12.4046329,2023-06-11 00:00:32
524,male_pronouns,51.3213938,12.4046329,2023-06-11 00:00:32
524,male_pronouns,51.3213938,12.4046329,2023-06-11 00:00:32
524,male_pronouns,51.3213938,12.4046329,2023-06-11 00:00:32
524,male_pronouns,51.3213938,12.4046329,2023-06-11 00:00:32
524,male_pronouns,51.3213938,12.4046329,2023-06-11 00:00:32
524,male_pronouns,51.3213938,12.4046329,2023-06-11 00:00:32
526,female_pronouns,51.3355661,12.320655560850865,2023-07-01 00:00:32
526,female_pronouns,51.3355661,12.320655560850865,2023-07-01 00:00:32
526,female_pronouns,51.3355661,12.320655560850865,2023-07-01 00:00:32
526,female_pronouns,51.3355661,12.320655560850865,2023-07-01 00:00:32
526,male_pronouns,51.3355661,12.320655560850865,2023-07-01 00:00:32
526,male_pronouns,51.3355661,12.320655560850865,2023-07-01 00:00:32
526,male_pronouns,51.3355661,12.320655560850865,2023-07-01 00:00:32
527,female_pronouns,51.35932555,12.357340510420098,2023-07-03 00:00:32
527,female_pronouns,51.35932555,12.357340510420098,2023-07-03 00:00:32
527,male_pronouns,51.35932555,12.357340510420098,2023-07-03 00:00:32
528,female_pronouns,51.32744275,12.337299361615392,2023-09-01 00:00:32
528,female_pronouns,51.32744275,12.337299361615392,2023-09-01 00:00:32
528,female_pronouns,51.32744275,12.337299361615392,2023-09-01 00:00:32
528,female_pronouns,51.32744275,12.337299361615392,2023-09-01 00:00:32
528,female_pronouns,51.32744275,12.337299361615392,2023-09-01 00:00:32
528,male_pronouns,51.32744275,12.337299361615392,2023-09-01 00:00:32
528,male_pronouns,51.32744275,12.337299361615392,2023-09-01 00:00:32
528,male_pronouns,51.32744275,12.337299361615392,2023-09-01 00:00:32
528,male_pronouns,51.32744275,12.337299361615392,2023-09-01 00:00:32
528,male_pronouns,51.32744275,12.337299361615392,2023-09-01 00:00:32
530,female_pronouns,51.3424364,12.4030516,2023-07-01 00:00:32
530,female_pronouns,51.3424364,12.4030516,2023-07-01 00:00:32
530,female_pronouns,51.3424364,12.4030516,2023-07-01 00:00:32
530,female_pronouns,51.3424364,12.4030516,2023-07-01 00:00:32
530,male_pronouns,51.3424364,12.4030516,2023-07-01 00:00:32
531,male_pronouns,51.3510541,12.40750454100636,2023-07-01 00:00:32
531,male_pronouns,51.3510541,12.40750454100636,2023-07-01 00:00:32
531,male_pronouns,51.3510541,12.40750454100636,2023-07-01 00:00:32
531,male_pronouns,51.3510541,12.40750454100636,2023-07-01 00:00:32
531,male_pronouns,51.3510541,12.40750454100636,2023-07-01 00:00:32
531,male_pronouns,51.3510541,12.40750454100636,2023-07-01 00:00:32
532,female_pronouns,51.3169332,12.3705881,2023-08-01 00:00:32
533,female_pronouns,51.3377167,12.4003129,2023-07-15 00:00:32
533,female_pronouns,51.3377167,12.4003129,2023-07-15 00:00:32
533,male_pronouns,51.3377167,12.4003129,2023-07-15 00:00:32
534,female_pronouns,51.31587075,12.37635670302327,2023-07-01 00:00:32
534,male_pronouns,51.31587075,12.37635670302327,2023-07-01 00:00:32
534,male_pronouns,51.31587075,12.37635670302327,2023-07-01 00:00:32
535,female_pronouns,51.3382971,12.3959704,2023-08-01 00:00:32
537,female_pronouns,51.35886925,12.359500397773786,2023-07-01 00:00:32
537,female_pronouns,51.35886925,12.359500397773786,2023-07-01 00:00:32
537,female_pronouns,51.35886925,12.359500397773786,2023-07-01 00:00:32
537,female_pronouns,51.35886925,12.359500397773786,2023-07-01 00:00:32
537,female_pronouns,51.35886925,12.359500397773786,2023-07-01 00:00:32
537,female_pronouns,51.35886925,12.359500397773786,2023-07-01 00:00:32
537,female_pronouns,51.35886925,12.359500397773786,2023-07-01 00:00:32
537,female_pronouns,51.35886925,12.359500397773786,2023-07-01 00:00:32
537,male_pronouns,51.35886925,12.359500397773786,2023-07-01 00:00:32
537,male_pronouns,51.35886925,12.359500397773786,2023-07-01 00:00:32
539,female_pronouns,51.3374188,12.339454218752596,2023-07-01 00:00:32
540,female_pronouns,51.3176367,12.3739517,2023-07-01 00:00:32
543,female_pronouns,51.3454611,12.4071941,2023-07-01 00:00:32
543,female_pronouns,51.3454611,12.4071941,2023-07-01 00:00:32
543,female_pronouns,51.3454611,12.4071941,2023-07-01 00:00:32
543,female_pronouns,51.3454611,12.4071941,2023-07-01 00:00:32
543,female_pronouns,51.3454611,12.4071941,2023-07-01 00:00:32
543,female_pronouns,51.3454611,12.4071941,2023-07-01 00:00:32
543,male_pronouns,51.3454611,12.4071941,2023-07-01 00:00:32
543,male_pronouns,51.3454611,12.4071941,2023-07-01 00:00:32
544,female_pronouns,51.339088450000006,12.325745928278952,2023-06-19 00:00:32
545,female_pronouns,51.33698725,12.40818209155466,2023-07-01 00:00:32
545,female_pronouns,51.33698725,12.40818209155466,2023-07-01 00:00:32
545,male_pronouns,51.33698725,12.40818209155466,2023-07-01 00:00:32
546,female_pronouns,51.3356929,12.4079782,2023-07-15 00:00:32
546,female_pronouns,51.3356929,12.4079782,2023-07-15 00:00:32
546,female_pronouns,51.3356929,12.4079782,2023-07-15 00:00:32
546,female_pronouns,51.3356929,12.4079782,2023-07-15 00:00:32
546,female_pronouns,51.3356929,12.4079782,2023-07-15 00:00:32
546,female_pronouns,51.3356929,12.4079782,2023-07-15 00:00:32
546,female_pronouns,51.3356929,12.4079782,2023-07-15 00:00:32
546,female_pronouns,51.3356929,12.4079782,2023-07-15 00:00:32
546,female_pronouns,51.3356929,12.4079782,2023-07-15 00:00:32
549,female_pronouns,51.3052032,12.3831559,2023-07-15 00:00:32
549,female_pronouns,51.3052032,12.3831559,2023-07-15 00:00:32
549,female_pronouns,51.3052032,12.3831559,2023-07-15 00:00:32
549,male_pronouns,51.3052032,12.3831559,2023-07-15 00:00:32
549,male_pronouns,51.3052032,12.3831559,2023-07-15 00:00:32
550,female_pronouns,51.3016804,12.4389196,2023-07-31 00:00:32
550,female_pronouns,51.3016804,12.4389196,2023-07-31 00:00:32
550,female_pronouns,51.3016804,12.4389196,2023-07-31 00:00:32
550,female_pronouns,51.3016804,12.4389196,2023-07-31 00:00:32
550,female_pronouns,51.3016804,12.4389196,2023-07-31 00:00:32
554,male_pronouns,51.343299,12.3998967,2023-07-01 00:00:32
557,female_pronouns,51.3424364,12.4030516,2023-06-15 00:00:32
557,female_pronouns,51.3424364,12.4030516,2023-06-15 00:00:32
557,female_pronouns,51.3424364,12.4030516,2023-06-15 00:00:32
557,male_pronouns,51.3424364,12.4030516,2023-06-15 00:00:32
557,male_pronouns,51.3424364,12.4030516,2023-06-15 00:00:32
557,male_pronouns,51.3424364,12.4030516,2023-06-15 00:00:32
557,male_pronouns,51.3424364,12.4030516,2023-06-15 00:00:32
557,male_pronouns,51.3424364,12.4030516,2023-06-15 00:00:32
559,female_pronouns,51.331604,12.4056643,2023-07-08 00:00:32
560,female_pronouns,51.3317679,12.3329934,2023-06-12 00:00:32
560,female_pronouns,51.3317679,12.3329934,2023-06-12 00:00:32
560,female_pronouns,51.3317679,12.3329934,2023-06-12 00:00:32
560,female_pronouns,51.3317679,12.3329934,2023-06-12 00:00:32
560,male_pronouns,51.3317679,12.3329934,2023-06-12 00:00:32
560,male_pronouns,51.3317679,12.3329934,2023-06-12 00:00:32
560,male_pronouns,51.3317679,12.3329934,2023-06-12 00:00:32
563,female_pronouns,51.3392902,12.3948374,2023-07-22 00:00:32
564,female_pronouns,51.33761695,12.355122391293555,2023-06-08 00:00:32
564,female_pronouns,51.33761695,12.355122391293555,2023-06-08 00:00:32
564,female_pronouns,51.33761695,12.355122391293555,2023-06-08 00:00:32
564,female_pronouns,51.33761695,12.355122391293555,2023-06-08 00:00:32
564,male_pronouns,51.33761695,12.355122391293555,2023-06-08 00:00:32
564,male_pronouns,51.33761695,12.355122391293555,2023-06-08 00:00:32
564,male_pronouns,51.33761695,12.355122391293555,2023-06-08 00:00:32
564,neutral_pronouns,51.33761695,12.355122391293555,2023-06-08 00:00:32
565,female_pronouns,51.3342662,12.402681732236088,2023-09-01 00:00:32
566,female_pronouns,51.344716,12.4205101,2023-07-01 00:00:32
567,female_pronouns,51.3316021,12.4158249,2023-09-15 00:00:32
567,female_pronouns,51.3316021,12.4158249,2023-09-15 00:00:32
567,female_pronouns,51.3316021,12.4158249,2023-09-15 00:00:32
567,female_pronouns,51.3316021,12.4158249,2023-09-15 00:00:32
567,female_pronouns,51.3316021,12.4158249,2023-09-15 00:00:32
567,female_pronouns,51.3316021,12.4158249,2023-09-15 00:00:32
567,female_pronouns,51.3316021,12.4158249,2023-09-15 00:00:32
567,female_pronouns,51.3316021,12.4158249,2023-09-15 00:00:32
567,female_pronouns,51.3316021,12.4158249,2023-09-15 00:00:32
567,male_pronouns,51.3316021,12.4158249,2023-09-15 00:00:32
567,male_pronouns,51.3316021,12.4158249,2023-09-15 00:00:32
567,male_pronouns,51.3316021,12.4158249,2023-09-15 00:00:32
567,male_pronouns,51.3316021,12.4158249,2023-09-15 00:00:32
568,female_pronouns,51.3299249,12.4116635,2023-07-01 00:00:32
570,female_pronouns,51.32220405,12.3674381,2023-09-01 00:00:32
570,female_pronouns,51.32220405,12.3674381,2023-09-01 00:00:32
570,female_pronouns,51.32220405,12.3674381,2023-09-01 00:00:32
570,female_pronouns,51.32220405,12.3674381,2023-09-01 00:00:32
570,female_pronouns,51.32220405,12.3674381,2023-09-01 00:00:32
571,female_pronouns,51.3379292,12.364272,2023-08-01 00:00:32
571,female_pronouns,51.3379292,12.364272,2023-08-01 00:00:32
573,female_pronouns,51.3568446,12.3695203,2023-07-01 00:00:32
